iteration,rand01,strategy,choice,cr1,cr2,cr3,cr4,cr5,mu1,mu2,mu3,mu4,mu5,n1,n2,n3,n4,n5
0,NA,,NA,0,0,0,0,0,0,0,0,0,0,0,0,0,0,0
2,0.877993072848767,EXPLOIT,2,0,0,0,0,0,0,0,0,0,0,0,1,0,0,0
3,0.7945740821305662,EXPLOIT,5,0,0,0,0,0,0,0,0,0,0,0,1,0,0,1
4,0.2251606301870197,EXPLOIT,3,0,0,0,0,0,0,0,0,0,0,0,1,1,0,1
5,0.2988830404356122,EXPLOIT,2,0,0,0,0,0,0,0,0,0,0,0,2,1,0,1
6,0.23670558840967715,EXPLOIT,3,0,0,1,0,0,0,0,0.5,0,0,0,2,2,0,1
7,0.6366530281957239,EXPLOIT,3,0,0,1,0,0,0,0,0.3333333333333333,0,0,0,2,3,0,1
8,0.584389227675274,EXPLOIT,3,0,0,1,0,0,0,0,0.25,0,0,0,2,4,0,1
9,0.5928668801207095,EXPLOIT,3,0,0,1,0,0,0,0,0.2,0,0,0,2,5,0,1
10,0.35355711611919105,EXPLOIT,3,0,0,1,0,0,0,0,0.16666666666666666,0,0,0,2,6,0,1
11,0.8038912257179618,EXPLOIT,3,0,0,1,0,0,0,0,0.14285714285714285,0,0,0,2,7,0,1
12,0.32580821262672544,EXPLOIT,3,0,0,1,0,0,0,0,0.125,0,0,0,2,8,0,1
13,0.41499868384562433,EXPLOIT,3,0,0,1,0,0,0,0,0.1111111111111111,0,0,0,2,9,0,1
14,0.7806697795167565,EXPLOIT,3,0,0,2,0,0,0,0,0.2,0,0,0,2,10,0,1
15,0.7532177360262722,EXPLOIT,3,0,0,3,0,0,0,0,0.2727272727272727,0,0,0,2,11,0,1
16,0.5856665649916977,EXPLOIT,3,0,0,3,0,0,0,0,0.25,0,0,0,2,12,0,1
17,0.07084696879610419,explore,2,0,0,3,0,0,0,0,0.25,0,0,0,3,12,0,1
18,0.43728366564027965,EXPLOIT,3,0,0,4,0,0,0,0,0.3076923076923077,0,0,0,3,13,0,1
19,0.3503185308072716,EXPLOIT,3,0,0,4,0,0,0,0,0.2857142857142857,0,0,0,3,14,0,1
20,0.4664195366203785,EXPLOIT,3,0,0,4,0,0,0,0,0.26666666666666666,0,0,0,3,15,0,1
21,0.057245020754635334,explore,2,0,0,4,0,0,0,0,0.26666666666666666,0,0,0,4,15,0,1
22,0.49075937806628644,EXPLOIT,3,0,0,4,0,0,0,0,0.25,0,0,0,4,16,0,1
23,0.7228502598591149,EXPLOIT,3,0,0,4,0,0,0,0,0.23529411764705882,0,0,0,4,17,0,1
24,0.05804362543858588,explore,1,0,0,4,0,0,0,0,0.23529411764705882,0,0,1,4,17,0,1
25,0.422230287687853,EXPLOIT,3,0,0,4,0,0,0,0,0.2222222222222222,0,0,1,4,18,0,1
26,0.5185751400422305,EXPLOIT,3,0,0,5,0,0,0,0,0.2631578947368421,0,0,1,4,19,0,1
27,0.42761512426659465,EXPLOIT,3,0,0,5,0,0,0,0,0.25,0,0,1,4,20,0,1
28,0.9605833303648978,EXPLOIT,3,0,0,5,0,0,0,0,0.23809523809523808,0,0,1,4,21,0,1
29,0.7480672486126423,EXPLOIT,3,0,0,6,0,0,0,0,0.2727272727272727,0,0,1,4,22,0,1
30,0.6774814736563712,EXPLOIT,3,0,0,6,0,0,0,0,0.2608695652173913,0,0,1,4,23,0,1
31,0.9046642442699522,EXPLOIT,3,0,0,6,0,0,0,0,0.25,0,0,1,4,24,0,1
32,0.6029280140064657,EXPLOIT,3,0,0,7,0,0,0,0,0.28,0,0,1,4,25,0,1
33,0.06552785006351769,explore,5,0,0,7,0,0,0,0,0.28,0,0,1,4,25,0,2
34,0.2521396728698164,EXPLOIT,3,0,0,8,0,0,0,0,0.3076923076923077,0,0,1,4,26,0,2
35,0.04149802029132843,explore,2,0,0,8,0,0,0,0,0.3076923076923077,0,0,1,5,26,0,2
36,0.2978969309478998,EXPLOIT,3,0,0,9,0,0,0,0,0.3333333333333333,0,0,1,5,27,0,2
37,0.6061020053457469,EXPLOIT,3,0,0,10,0,0,0,0,0.35714285714285715,0,0,1,5,28,0,2
38,0.009651146130636334,explore,1,0,0,10,0,0,0,0,0.35714285714285715,0,0,2,5,28,0,2
39,0.5227621893864125,EXPLOIT,3,0,0,10,0,0,0,0,0.3448275862068966,0,0,2,5,29,0,2
40,0.5508754593320191,EXPLOIT,3,0,0,10,0,0,0,0,0.3333333333333333,0,0,2,5,30,0,2
41,0.3094487914349884,EXPLOIT,3,0,0,11,0,0,0,0,0.3548387096774194,0,0,2,5,31,0,2
42,0.19453293620608747,EXPLOIT,3,0,0,12,0,0,0,0,0.375,0,0,2,5,32,0,2
43,0.05676459614187479,explore,5,0,0,12,0,1,0,0,0.375,0,0.3333333333333333,2,5,32,0,3
44,0.7030790054704994,EXPLOIT,3,0,0,12,0,1,0,0,0.36363636363636365,0,0.3333333333333333,2,5,33,0,3
45,0.6725429119542241,EXPLOIT,3,0,0,12,0,1,0,0,0.35294117647058826,0,0.3333333333333333,2,5,34,0,3
46,0.24245856353081763,EXPLOIT,3,0,0,13,0,1,0,0,0.37142857142857144,0,0.3333333333333333,2,5,35,0,3
47,0.7984657639171928,EXPLOIT,3,0,0,14,0,1,0,0,0.3888888888888889,0,0.3333333333333333,2,5,36,0,3
48,0.4323757737874985,EXPLOIT,3,0,0,15,0,1,0,0,0.40540540540540543,0,0.3333333333333333,2,5,37,0,3
49,0.757256880402565,EXPLOIT,3,0,0,15,0,1,0,0,0.39473684210526316,0,0.3333333333333333,2,5,38,0,3
50,0.9753309471998364,EXPLOIT,3,0,0,15,0,1,0,0,0.38461538461538464,0,0.3333333333333333,2,5,39,0,3
51,0.07419054349884391,explore,1,0,0,15,0,1,0,0,0.38461538461538464,0,0.3333333333333333,3,5,39,0,3
52,0.6667270860634744,EXPLOIT,3,0,0,15,0,1,0,0,0.375,0,0.3333333333333333,3,5,40,0,3
53,0.7525760449934751,EXPLOIT,3,0,0,16,0,1,0,0,0.3902439024390244,0,0.3333333333333333,3,5,41,0,3
54,0.45776648889295757,EXPLOIT,3,0,0,16,0,1,0,0,0.38095238095238093,0,0.3333333333333333,3,5,42,0,3
55,0.2837182111106813,EXPLOIT,3,0,0,17,0,1,0,0,0.3953488372093023,0,0.3333333333333333,3,5,43,0,3
56,0.043667103396728635,explore,4,0,0,17,0,1,0,0,0.3953488372093023,0,0.3333333333333333,3,5,43,1,3
57,0.3451619311235845,EXPLOIT,3,0,0,17,0,1,0,0,0.38636363636363635,0,0.3333333333333333,3,5,44,1,3
58,0.4435579846613109,EXPLOIT,3,0,0,17,0,1,0,0,0.37777777777777777,0,0.3333333333333333,3,5,45,1,3
59,0.01314259204082191,explore,4,0,0,17,1,1,0,0,0.37777777777777777,0.5,0.3333333333333333,3,5,45,2,3
60,0.6326189034152776,EXPLOIT,4,0,0,17,2,1,0,0,0.37777777777777777,0.6666666666666666,0.3333333333333333,3,5,45,3,3
61,0.619435349944979,EXPLOIT,4,0,0,17,2,1,0,0,0.37777777777777777,0.5,0.3333333333333333,3,5,45,4,3
62,0.8550572097301483,EXPLOIT,4,0,0,17,2,1,0,0,0.37777777777777777,0.4,0.3333333333333333,3,5,45,5,3
63,0.03875086363404989,explore,3,0,0,18,2,1,0,0,0.391304347826087,0.4,0.3333333333333333,3,5,46,5,3
64,0.8246558513492346,EXPLOIT,4,0,0,18,3,1,0,0,0.391304347826087,0.5,0.3333333333333333,3,5,46,6,3
65,0.48700654227286577,EXPLOIT,4,0,0,18,4,1,0,0,0.391304347826087,0.5714285714285714,0.3333333333333333,3,5,46,7,3
66,0.46152465511113405,EXPLOIT,4,0,0,18,4,1,0,0,0.391304347826087,0.5,0.3333333333333333,3,5,46,8,3
67,0.09835621039383113,explore,2,0,0,18,4,1,0,0,0.391304347826087,0.5,0.3333333333333333,3,6,46,8,3
68,0.6296054269187152,EXPLOIT,4,0,0,18,5,1,0,0,0.391304347826087,0.5555555555555556,0.3333333333333333,3,6,46,9,3
69,0.800890474114567,EXPLOIT,4,0,0,18,5,1,0,0,0.391304347826087,0.5,0.3333333333333333,3,6,46,10,3
70,0.32943530520424247,EXPLOIT,4,0,0,18,5,1,0,0,0.391304347826087,0.45454545454545453,0.3333333333333333,3,6,46,11,3
71,0.16493994113989174,EXPLOIT,4,0,0,18,6,1,0,0,0.391304347826087,0.5,0.3333333333333333,3,6,46,12,3
72,0.38522796775214374,EXPLOIT,4,0,0,18,6,1,0,0,0.391304347826087,0.46153846153846156,0.3333333333333333,3,6,46,13,3
73,0.7210568457376212,EXPLOIT,4,0,0,18,6,1,0,0,0.391304347826087,0.42857142857142855,0.3333333333333333,3,6,46,14,3
74,0.07862804899923503,explore,5,0,0,18,6,1,0,0,0.391304347826087,0.42857142857142855,0.25,3,6,46,14,4
75,0.0071933267172425985,explore,3,0,0,18,6,1,0,0,0.3829787234042553,0.42857142857142855,0.25,3,6,47,14,4
76,0.7482515252195299,EXPLOIT,4,0,0,18,7,1,0,0,0.3829787234042553,0.4666666666666667,0.25,3,6,47,15,4
77,0.2743566632270813,EXPLOIT,4,0,0,18,8,1,0,0,0.3829787234042553,0.5,0.25,3,6,47,16,4
78,0.6728238801006228,EXPLOIT,4,0,0,18,8,1,0,0,0.3829787234042553,0.47058823529411764,0.25,3,6,47,17,4
79,0.8232539955060929,EXPLOIT,4,0,0,18,8,1,0,0,0.3829787234042553,0.4444444444444444,0.25,3,6,47,18,4
80,0.483325416687876,EXPLOIT,4,0,0,18,8,1,0,0,0.3829787234042553,0.42105263157894735,0.25,3,6,47,19,4
81,0.42041024030186236,EXPLOIT,4,0,0,18,9,1,0,0,0.3829787234042553,0.45,0.25,3,6,47,20,4
82,0.5281642086338252,EXPLOIT,4,0,0,18,10,1,0,0,0.3829787234042553,0.47619047619047616,0.25,3,6,47,21,4
83,0.13975499430671334,EXPLOIT,4,0,0,18,10,1,0,0,0.3829787234042553,0.45454545454545453,0.25,3,6,47,22,4
84,0.3473248763475567,EXPLOIT,4,0,0,18,10,1,0,0,0.3829787234042553,0.43478260869565216,0.25,3,6,47,23,4
85,0.737424953840673,EXPLOIT,4,0,0,18,11,1,0,0,0.3829787234042553,0.4583333333333333,0.25,3,6,47,24,4
86,0.757237347541377,EXPLOIT,4,0,0,18,11,1,0,0,0.3829787234042553,0.44,0.25,3,6,47,25,4
87,0.6567577342502773,EXPLOIT,4,0,0,18,12,1,0,0,0.3829787234042553,0.46153846153846156,0.25,3,6,47,26,4
88,0.6314315034542233,EXPLOIT,4,0,0,18,12,1,0,0,0.3829787234042553,0.4444444444444444,0.25,3,6,47,27,4
89,0.9501753677614033,EXPLOIT,4,0,0,18,12,1,0,0,0.3829787234042553,0.42857142857142855,0.25,3,6,47,28,4
90,0.47776695480570197,EXPLOIT,4,0,0,18,12,1,0,0,0.3829787234042553,0.41379310344827586,0.25,3,6,47,29,4
91,0.3340114264283329,EXPLOIT,4,0,0,18,13,1,0,0,0.3829787234042553,0.43333333333333335,0.25,3,6,47,30,4
92,0.8309006786439568,EXPLOIT,4,0,0,18,14,1,0,0,0.3829787234042553,0.45161290322580644,0.25,3,6,47,31,4
93,0.8808894774410874,EXPLOIT,4,0,0,18,15,1,0,0,0.3829787234042553,0.46875,0.25,3,6,47,32,4
94,0.4852528420742601,EXPLOIT,4,0,0,18,15,1,0,0,0.3829787234042553,0.45454545454545453,0.25,3,6,47,33,4
95,0.5817524546291679,EXPLOIT,4,0,0,18,16,1,0,0,0.3829787234042553,0.47058823529411764,0.25,3,6,47,34,4
96,0.2388483160175383,EXPLOIT,4,0,0,18,17,1,0,0,0.3829787234042553,0.4857142857142857,0.25,3,6,47,35,4
97,0.5423473741393536,EXPLOIT,4,0,0,18,17,1,0,0,0.3829787234042553,0.4722222222222222,0.25,3,6,47,36,4
98,0.8275094183627516,EXPLOIT,4,0,0,18,18,1,0,0,0.3829787234042553,0.4864864864864865,0.25,3,6,47,37,4
99,0.8003196469508111,EXPLOIT,4,0,0,18,19,1,0,0,0.3829787234042553,0.5,0.25,3,6,47,38,4
100,0.2600668624509126,EXPLOIT,4,0,0,18,19,1,0,0,0.3829787234042553,0.48717948717948717,0.25,3,6,47,39,4
101,0.8031650856137276,EXPLOIT,4,0,0,18,20,1,0,0,0.3829787234042553,0.5,0.25,3,6,47,40,4
102,0.13110762648284435,EXPLOIT,4,0,0,18,20,1,0,0,0.3829787234042553,0.4878048780487805,0.25,3,6,47,41,4
103,0.5668962721247226,EXPLOIT,4,0,0,18,21,1,0,0,0.3829787234042553,0.5,0.25,3,6,47,42,4
104,0.6877054204232991,EXPLOIT,4,0,0,18,22,1,0,0,0.3829787234042553,0.5116279069767442,0.25,3,6,47,43,4
105,0.10198472463525832,EXPLOIT,4,0,0,18,22,1,0,0,0.3829787234042553,0.5,0.25,3,6,47,44,4
106,0.5767589788883924,EXPLOIT,4,0,0,18,22,1,0,0,0.3829787234042553,0.4888888888888889,0.25,3,6,47,45,4
107,0.3088103618938476,EXPLOIT,4,0,0,18,22,1,0,0,0.3829787234042553,0.4782608695652174,0.25,3,6,47,46,4
108,0.8286425506230444,EXPLOIT,4,0,0,18,22,1,0,0,0.3829787234042553,0.46808510638297873,0.25,3,6,47,47,4
109,0.42598473909310997,EXPLOIT,4,0,0,18,22,1,0,0,0.3829787234042553,0.4583333333333333,0.25,3,6,47,48,4
110,0.8665726785548031,EXPLOIT,4,0,0,18,22,1,0,0,0.3829787234042553,0.4489795918367347,0.25,3,6,47,49,4
111,0.7657621910329908,EXPLOIT,4,0,0,18,23,1,0,0,0.3829787234042553,0.46,0.25,3,6,47,50,4
112,0.7955323841888458,EXPLOIT,4,0,0,18,24,1,0,0,0.3829787234042553,0.47058823529411764,0.25,3,6,47,51,4
113,0.20922844461165369,EXPLOIT,4,0,0,18,25,1,0,0,0.3829787234042553,0.4807692307692308,0.25,3,6,47,52,4
114,0.5609111073426902,EXPLOIT,4,0,0,18,25,1,0,0,0.3829787234042553,0.4716981132075472,0.25,3,6,47,53,4
115,0.7834218402858824,EXPLOIT,4,0,0,18,25,1,0,0,0.3829787234042553,0.46296296296296297,0.25,3,6,47,54,4
116,0.09605124895460904,explore,5,0,0,18,25,2,0,0,0.3829787234042553,0.46296296296296297,0.4,3,6,47,54,5
117,0.15619706641882658,EXPLOIT,4,0,0,18,25,2,0,0,0.3829787234042553,0.45454545454545453,0.4,3,6,47,55,5
118,0.6307566137984395,EXPLOIT,4,0,0,18,25,2,0,0,0.3829787234042553,0.44642857142857145,0.4,3,6,47,56,5
119,0.6199501473456621,EXPLOIT,4,0,0,18,25,2,0,0,0.3829787234042553,0.43859649122807015,0.4,3,6,47,57,5
120,0.8880870637949556,EXPLOIT,4,0,0,18,25,2,0,0,0.3829787234042553,0.43103448275862066,0.4,3,6,47,58,5
121,0.37352045625448227,EXPLOIT,4,0,0,18,25,2,0,0,0.3829787234042553,0.423728813559322,0.4,3,6,47,59,5
122,0.6067947691772133,EXPLOIT,4,0,0,18,25,2,0,0,0.3829787234042553,0.4166666666666667,0.4,3,6,47,60,5
123,0.005763713037595153,explore,5,0,0,18,25,3,0,0,0.3829787234042553,0.4166666666666667,0.5,3,6,47,60,6
124,0.5882319379597902,EXPLOIT,5,0,0,18,25,3,0,0,0.3829787234042553,0.4166666666666667,0.42857142857142855,3,6,47,60,7
125,0.5591610388364643,EXPLOIT,5,0,0,18,25,4,0,0,0.3829787234042553,0.4166666666666667,0.5,3,6,47,60,8
126,0.09480203175917268,explore,1,0,0,18,25,4,0,0,0.3829787234042553,0.4166666666666667,0.5,4,6,47,60,8
127,0.8152999789454043,EXPLOIT,5,0,0,18,25,4,0,0,0.3829787234042553,0.4166666666666667,0.4444444444444444,4,6,47,60,9
128,0.468283265363425,EXPLOIT,5,0,0,18,25,5,0,0,0.3829787234042553,0.4166666666666667,0.5,4,6,47,60,10
129,0.12161717470735312,EXPLOIT,5,0,0,18,25,6,0,0,0.3829787234042553,0.4166666666666667,0.5454545454545454,4,6,47,60,11
130,0.26114879082888365,EXPLOIT,5,0,0,18,25,6,0,0,0.3829787234042553,0.4166666666666667,0.5,4,6,47,60,12
131,0.6164103371556848,EXPLOIT,5,0,0,18,25,6,0,0,0.3829787234042553,0.4166666666666667,0.46153846153846156,4,6,47,60,13
132,0.7536007899325341,EXPLOIT,5,0,0,18,25,6,0,0,0.3829787234042553,0.4166666666666667,0.42857142857142855,4,6,47,60,14
133,0.5886955135501921,EXPLOIT,5,0,0,18,25,7,0,0,0.3829787234042553,0.4166666666666667,0.4666666666666667,4,6,47,60,15
134,0.49718335177749395,EXPLOIT,5,0,0,18,25,7,0,0,0.3829787234042553,0.4166666666666667,0.4375,4,6,47,60,16
135,0.1892899910453707,EXPLOIT,5,0,0,18,25,7,0,0,0.3829787234042553,0.4166666666666667,0.4117647058823529,4,6,47,60,17
136,0.30176136270165443,EXPLOIT,4,0,0,18,25,7,0,0,0.3829787234042553,0.4098360655737705,0.4117647058823529,4,6,47,61,17
137,0.7967251481022686,EXPLOIT,5,0,0,18,25,8,0,0,0.3829787234042553,0.4098360655737705,0.4444444444444444,4,6,47,61,18
138,0.6097175639588386,EXPLOIT,5,0,0,18,25,9,0,0,0.3829787234042553,0.4098360655737705,0.47368421052631576,4,6,47,61,19
139,0.17588004609569907,EXPLOIT,5,0,0,18,25,10,0,0,0.3829787234042553,0.4098360655737705,0.5,4,6,47,61,20
140,0.9863916302565485,EXPLOIT,5,0,0,18,25,11,0,0,0.3829787234042553,0.4098360655737705,0.5238095238095238,4,6,47,61,21
141,0.23902724194340408,EXPLOIT,5,0,0,18,25,12,0,0,0.3829787234042553,0.4098360655737705,0.5454545454545454,4,6,47,61,22
142,0.9145212157163769,EXPLOIT,5,0,0,18,25,13,0,0,0.3829787234042553,0.4098360655737705,0.5652173913043478,4,6,47,61,23
143,0.6836729145143181,EXPLOIT,5,0,0,18,25,13,0,0,0.3829787234042553,0.4098360655737705,0.5416666666666666,4,6,47,61,24
144,0.3855360683519393,EXPLOIT,5,0,0,18,25,14,0,0,0.3829787234042553,0.4098360655737705,0.56,4,6,47,61,25
145,0.7088474107440561,EXPLOIT,5,0,0,18,25,15,0,0,0.3829787234042553,0.4098360655737705,0.5769230769230769,4,6,47,61,26
146,0.10231308778747916,EXPLOIT,5,0,0,18,25,16,0,0,0.3829787234042553,0.4098360655737705,0.5925925925925926,4,6,47,61,27
147,0.07868716958910227,explore,2,0,0,18,25,16,0,0,0.3829787234042553,0.4098360655737705,0.5925925925925926,4,7,47,61,27
148,0.6581863926257938,EXPLOIT,5,0,0,18,25,17,0,0,0.3829787234042553,0.4098360655737705,0.6071428571428571,4,7,47,61,28
149,0.6067238333635032,EXPLOIT,5,0,0,18,25,18,0,0,0.3829787234042553,0.4098360655737705,0.6206896551724138,4,7,47,61,29
150,0.362394051393494,EXPLOIT,5,0,0,18,25,18,0,0,0.3829787234042553,0.4098360655737705,0.6,4,7,47,61,30
151,0.03068500361405313,explore,2,0,0,18,25,18,0,0,0.3829787234042553,0.4098360655737705,0.6,4,8,47,61,30
152,0.16794398543424904,EXPLOIT,5,0,0,18,25,19,0,0,0.3829787234042553,0.4098360655737705,0.6129032258064516,4,8,47,61,31
153,0.7130333911627531,EXPLOIT,5,0,0,18,25,20,0,0,0.3829787234042553,0.4098360655737705,0.625,4,8,47,61,32
154,0.9764723388943821,EXPLOIT,5,0,0,18,25,20,0,0,0.3829787234042553,0.4098360655737705,0.6060606060606061,4,8,47,61,33
155,0.8261464419774711,EXPLOIT,5,0,0,18,25,21,0,0,0.3829787234042553,0.4098360655737705,0.6176470588235294,4,8,47,61,34
156,0.8585264829453081,EXPLOIT,5,0,0,18,25,21,0,0,0.3829787234042553,0.4098360655737705,0.6,4,8,47,61,35
157,0.26577750709839165,EXPLOIT,5,0,0,18,25,21,0,0,0.3829787234042553,0.4098360655737705,0.5833333333333334,4,8,47,61,36
158,0.9055947673041373,EXPLOIT,5,0,0,18,25,22,0,0,0.3829787234042553,0.4098360655737705,0.5945945945945946,4,8,47,61,37
159,0.21508564101532102,EXPLOIT,5,0,0,18,25,23,0,0,0.3829787234042553,0.4098360655737705,0.6052631578947368,4,8,47,61,38
160,0.8434365235734731,EXPLOIT,5,0,0,18,25,24,0,0,0.3829787234042553,0.4098360655737705,0.6153846153846154,4,8,47,61,39
161,0.12651949748396873,EXPLOIT,5,0,0,18,25,25,0,0,0.3829787234042553,0.4098360655737705,0.625,4,8,47,61,40
162,0.9414892364293337,EXPLOIT,5,0,0,18,25,25,0,0,0.3829787234042553,0.4098360655737705,0.6097560975609756,4,8,47,61,41
163,0.7995618982240558,EXPLOIT,5,0,0,18,25,25,0,0,0.3829787234042553,0.4098360655737705,0.5952380952380952,4,8,47,61,42
164,0.5219021141529083,EXPLOIT,5,0,0,18,25,26,0,0,0.3829787234042553,0.4098360655737705,0.6046511627906976,4,8,47,61,43
165,0.7406939105130732,EXPLOIT,5,0,0,18,25,26,0,0,0.3829787234042553,0.4098360655737705,0.5909090909090909,4,8,47,61,44
166,0.11299399100244045,EXPLOIT,5,0,0,18,25,26,0,0,0.3829787234042553,0.4098360655737705,0.5777777777777777,4,8,47,61,45
167,0.43155388557352126,EXPLOIT,5,0,0,18,25,26,0,0,0.3829787234042553,0.4098360655737705,0.5652173913043478,4,8,47,61,46
168,0.15283002750948071,EXPLOIT,5,0,0,18,25,27,0,0,0.3829787234042553,0.4098360655737705,0.574468085106383,4,8,47,61,47
169,0.9903442705981433,EXPLOIT,5,0,0,18,25,28,0,0,0.3829787234042553,0.4098360655737705,0.5833333333333334,4,8,47,61,48
170,0.7221924709156156,EXPLOIT,5,0,0,18,25,29,0,0,0.3829787234042553,0.4098360655737705,0.5918367346938775,4,8,47,61,49
171,0.9567601666785777,EXPLOIT,5,0,0,18,25,29,0,0,0.3829787234042553,0.4098360655737705,0.58,4,8,47,61,50
172,0.45018042530864477,EXPLOIT,5,0,0,18,25,30,0,0,0.3829787234042553,0.4098360655737705,0.5882352941176471,4,8,47,61,51
173,0.053550876211375,explore,3,0,0,19,25,30,0,0,0.3958333333333333,0.4098360655737705,0.5882352941176471,4,8,48,61,51
174,0.8415166665799916,EXPLOIT,5,0,0,19,25,31,0,0,0.3958333333333333,0.4098360655737705,0.5961538461538461,4,8,48,61,52
175,0.6501821256242692,EXPLOIT,5,0,0,19,25,31,0,0,0.3958333333333333,0.4098360655737705,0.5849056603773585,4,8,48,61,53
176,0.9103851180989295,EXPLOIT,5,0,0,19,25,31,0,0,0.3958333333333333,0.4098360655737705,0.5740740740740741,4,8,48,61,54
177,0.46544311894103885,EXPLOIT,5,0,0,19,25,31,0,0,0.3958333333333333,0.4098360655737705,0.5636363636363636,4,8,48,61,55
178,0.0737734897993505,explore,3,0,0,19,25,31,0,0,0.3877551020408163,0.4098360655737705,0.5636363636363636,4,8,49,61,55
179,0.6366415957454592,EXPLOIT,5,0,0,19,25,31,0,0,0.3877551020408163,0.4098360655737705,0.5535714285714286,4,8,49,61,56
180,0.120610207086429,EXPLOIT,5,0,0,19,25,32,0,0,0.3877551020408163,0.4098360655737705,0.5614035087719298,4,8,49,61,57
181,0.10157448961399496,EXPLOIT,5,0,0,19,25,32,0,0,0.3877551020408163,0.4098360655737705,0.5517241379310345,4,8,49,61,58
182,0.8447242872789502,EXPLOIT,5,0,0,19,25,33,0,0,0.3877551020408163,0.4098360655737705,0.559322033898305,4,8,49,61,59
183,0.8921550512313843,EXPLOIT,5,0,0,19,25,33,0,0,0.3877551020408163,0.4098360655737705,0.55,4,8,49,61,60
184,0.9046535901725292,EXPLOIT,5,0,0,19,25,33,0,0,0.3877551020408163,0.4098360655737705,0.5409836065573771,4,8,49,61,61
185,0.34637755528092384,EXPLOIT,5,0,0,19,25,33,0,0,0.3877551020408163,0.4098360655737705,0.532258064516129,4,8,49,61,62
186,0.09832783602178097,explore,2,0,0,19,25,33,0,0,0.3877551020408163,0.4098360655737705,0.532258064516129,4,9,49,61,62
187,0.3675062255933881,EXPLOIT,5,0,0,19,25,33,0,0,0.3877551020408163,0.4098360655737705,0.5238095238095238,4,9,49,61,63
188,0.3472765206824988,EXPLOIT,5,0,0,19,25,33,0,0,0.3877551020408163,0.4098360655737705,0.515625,4,9,49,61,64
189,0.20671685272827744,EXPLOIT,5,0,0,19,25,34,0,0,0.3877551020408163,0.4098360655737705,0.5230769230769231,4,9,49,61,65
190,0.7434994401410222,EXPLOIT,5,0,0,19,25,35,0,0,0.3877551020408163,0.4098360655737705,0.5303030303030303,4,9,49,61,66
191,0.027801922522485256,explore,2,0,0,19,25,35,0,0,0.3877551020408163,0.4098360655737705,0.5303030303030303,4,10,49,61,66
192,0.62627147953026,EXPLOIT,5,0,0,19,25,35,0,0,0.3877551020408163,0.4098360655737705,0.5223880597014925,4,10,49,61,67
193,0.17466861801221967,EXPLOIT,5,0,0,19,25,35,0,0,0.3877551020408163,0.4098360655737705,0.5147058823529411,4,10,49,61,68
194,0.8550719651393592,EXPLOIT,5,0,0,19,25,36,0,0,0.3877551020408163,0.4098360655737705,0.5217391304347826,4,10,49,61,69
195,0.5381554381456226,EXPLOIT,5,0,0,19,25,36,0,0,0.3877551020408163,0.4098360655737705,0.5142857142857142,4,10,49,61,70
196,0.7272289460524917,EXPLOIT,5,0,0,19,25,36,0,0,0.3877551020408163,0.4098360655737705,0.5070422535211268,4,10,49,61,71
197,0.33964956854470074,EXPLOIT,5,0,0,19,25,37,0,0,0.3877551020408163,0.4098360655737705,0.5138888888888888,4,10,49,61,72
198,0.839373612543568,EXPLOIT,5,0,0,19,25,37,0,0,0.3877551020408163,0.4098360655737705,0.5068493150684932,4,10,49,61,73
199,0.7015831409953535,EXPLOIT,5,0,0,19,25,37,0,0,0.3877551020408163,0.4098360655737705,0.5,4,10,49,61,74
200,0.26639593625441194,EXPLOIT,5,0,0,19,25,38,0,0,0.3877551020408163,0.4098360655737705,0.5066666666666667,4,10,49,61,75
201,0.9811316516716033,EXPLOIT,5,0,0,19,25,38,0,0,0.3877551020408163,0.4098360655737705,0.5,4,10,49,61,76
202,0.5896610291674733,EXPLOIT,5,0,0,19,25,39,0,0,0.3877551020408163,0.4098360655737705,0.5064935064935064,4,10,49,61,77
203,0.36430659471079707,EXPLOIT,5,0,0,19,25,40,0,0,0.3877551020408163,0.4098360655737705,0.5128205128205128,4,10,49,61,78
204,0.5456224686931819,EXPLOIT,5,0,0,19,25,41,0,0,0.3877551020408163,0.4098360655737705,0.5189873417721519,4,10,49,61,79
205,0.7147305444814265,EXPLOIT,5,0,0,19,25,41,0,0,0.3877551020408163,0.4098360655737705,0.5125,4,10,49,61,80
206,0.06574590830132365,explore,3,0,0,19,25,41,0,0,0.38,0.4098360655737705,0.5125,4,10,50,61,80
207,0.2668019866105169,EXPLOIT,5,0,0,19,25,42,0,0,0.38,0.4098360655737705,0.5185185185185185,4,10,50,61,81
208,0.1951688569970429,EXPLOIT,5,0,0,19,25,42,0,0,0.38,0.4098360655737705,0.5121951219512195,4,10,50,61,82
209,0.3310826050583273,EXPLOIT,5,0,0,19,25,43,0,0,0.38,0.4098360655737705,0.5180722891566265,4,10,50,61,83
210,0.7769446603488177,EXPLOIT,5,0,0,19,25,44,0,0,0.38,0.4098360655737705,0.5238095238095238,4,10,50,61,84
211,0.9025174397975206,EXPLOIT,5,0,0,19,25,44,0,0,0.38,0.4098360655737705,0.5176470588235295,4,10,50,61,85
212,0.6547201664652675,EXPLOIT,5,0,0,19,25,45,0,0,0.38,0.4098360655737705,0.5232558139534884,4,10,50,61,86
213,0.7838883460499346,EXPLOIT,5,0,0,19,25,45,0,0,0.38,0.4098360655737705,0.5172413793103449,4,10,50,61,87
214,0.2252162613440305,EXPLOIT,5,0,0,19,25,46,0,0,0.38,0.4098360655737705,0.5227272727272727,4,10,50,61,88
215,0.6770498505793512,EXPLOIT,5,0,0,19,25,46,0,0,0.38,0.4098360655737705,0.5168539325842697,4,10,50,61,89
216,0.886674711946398,EXPLOIT,5,0,0,19,25,46,0,0,0.38,0.4098360655737705,0.5111111111111111,4,10,50,61,90
217,0.7082218118011951,EXPLOIT,5,0,0,19,25,46,0,0,0.38,0.4098360655737705,0.5054945054945055,4,10,50,61,91
218,0.3667014562524855,EXPLOIT,5,0,0,19,25,46,0,0,0.38,0.4098360655737705,0.5,4,10,50,61,92
219,0.21035381918773055,EXPLOIT,5,0,0,19,25,47,0,0,0.38,0.4098360655737705,0.5053763440860215,4,10,50,61,93
220,0.9258584247436374,EXPLOIT,5,0,0,19,25,48,0,0,0.38,0.4098360655737705,0.5106382978723404,4,10,50,61,94
221,0.4571832660585642,EXPLOIT,5,0,0,19,25,48,0,0,0.38,0.4098360655737705,0.5052631578947369,4,10,50,61,95
222,0.5353498114272952,EXPLOIT,5,0,0,19,25,49,0,0,0.38,0.4098360655737705,0.5104166666666666,4,10,50,61,96
223,0.06324982200749218,explore,1,0,0,19,25,49,0,0,0.38,0.4098360655737705,0.5104166666666666,5,10,50,61,96
224,0.5431055368389934,EXPLOIT,5,0,0,19,25,50,0,0,0.38,0.4098360655737705,0.5154639175257731,5,10,50,61,97
225,0.8596693493891507,EXPLOIT,5,0,0,19,25,50,0,0,0.38,0.4098360655737705,0.5102040816326531,5,10,50,61,98
226,0.17370096873492002,EXPLOIT,5,0,0,19,25,51,0,0,0.38,0.4098360655737705,0.5151515151515151,5,10,50,61,99
227,0.22624568827450275,EXPLOIT,5,0,0,19,25,52,0,0,0.38,0.4098360655737705,0.52,5,10,50,61,100
228,0.2525319738779217,EXPLOIT,5,0,0,19,25,53,0,0,0.38,0.4098360655737705,0.5247524752475248,5,10,50,61,101
229,0.40523093193769455,EXPLOIT,5,0,0,19,25,53,0,0,0.38,0.4098360655737705,0.5196078431372549,5,10,50,61,102
230,0.44333615899086,EXPLOIT,5,0,0,19,25,54,0,0,0.38,0.4098360655737705,0.5242718446601942,5,10,50,61,103
231,0.7223530255723745,EXPLOIT,5,0,0,19,25,54,0,0,0.38,0.4098360655737705,0.5192307692307693,5,10,50,61,104
232,0.9467816145624965,EXPLOIT,5,0,0,19,25,55,0,0,0.38,0.4098360655737705,0.5238095238095238,5,10,50,61,105
233,0.06553235021419823,explore,2,0,0,19,25,55,0,0,0.38,0.4098360655737705,0.5238095238095238,5,11,50,61,105
234,0.8608507718890905,EXPLOIT,5,0,0,19,25,56,0,0,0.38,0.4098360655737705,0.5283018867924528,5,11,50,61,106
235,0.21053135069087148,EXPLOIT,5,0,0,19,25,56,0,0,0.38,0.4098360655737705,0.5233644859813084,5,11,50,61,107
236,0.6884053281974047,EXPLOIT,5,0,0,19,25,57,0,0,0.38,0.4098360655737705,0.5277777777777778,5,11,50,61,108
237,0.17018516105599701,EXPLOIT,5,0,0,19,25,57,0,0,0.38,0.4098360655737705,0.5229357798165137,5,11,50,61,109
238,0.24937738943845034,EXPLOIT,5,0,0,19,25,57,0,0,0.38,0.4098360655737705,0.5181818181818182,5,11,50,61,110
239,0.5026117779780179,EXPLOIT,5,0,0,19,25,58,0,0,0.38,0.4098360655737705,0.5225225225225225,5,11,50,61,111
240,0.7672519830521196,EXPLOIT,5,0,0,19,25,59,0,0,0.38,0.4098360655737705,0.5267857142857143,5,11,50,61,112
241,0.16859580506570637,EXPLOIT,5,0,0,19,25,60,0,0,0.38,0.4098360655737705,0.5309734513274337,5,11,50,61,113
242,0.15549765760079026,EXPLOIT,5,0,0,19,25,60,0,0,0.38,0.4098360655737705,0.5263157894736842,5,11,50,61,114
243,0.31677493127062917,EXPLOIT,5,0,0,19,25,60,0,0,0.38,0.4098360655737705,0.5217391304347826,5,11,50,61,115
244,0.7490795073099434,EXPLOIT,5,0,0,19,25,60,0,0,0.38,0.4098360655737705,0.5172413793103449,5,11,50,61,116
245,0.05478227906860411,explore,2,0,0,19,25,60,0,0,0.38,0.4098360655737705,0.5172413793103449,5,12,50,61,116
246,0.10426569334231317,EXPLOIT,5,0,0,19,25,60,0,0,0.38,0.4098360655737705,0.5128205128205128,5,12,50,61,117
247,0.2796500266995281,EXPLOIT,5,0,0,19,25,60,0,0,0.38,0.4098360655737705,0.5084745762711864,5,12,50,61,118
248,0.3395248861052096,EXPLOIT,5,0,0,19,25,61,0,0,0.38,0.4098360655737705,0.5126050420168067,5,12,50,61,119
249,0.7472850824706256,EXPLOIT,5,0,0,19,25,62,0,0,0.38,0.4098360655737705,0.5166666666666667,5,12,50,61,120
250,0.3862507324665785,EXPLOIT,5,0,0,19,25,62,0,0,0.38,0.4098360655737705,0.512396694214876,5,12,50,61,121
251,0.8264582487754524,EXPLOIT,5,0,0,19,25,63,0,0,0.38,0.4098360655737705,0.5163934426229508,5,12,50,61,122
252,0.5999326249584556,EXPLOIT,5,0,0,19,25,63,0,0,0.38,0.4098360655737705,0.5121951219512195,5,12,50,61,123
253,0.9942156318575144,EXPLOIT,5,0,0,19,25,63,0,0,0.38,0.4098360655737705,0.5080645161290323,5,12,50,61,124
254,0.17907548882067204,EXPLOIT,5,0,0,19,25,63,0,0,0.38,0.4098360655737705,0.504,5,12,50,61,125
255,0.14042597590014338,EXPLOIT,5,0,0,19,25,63,0,0,0.38,0.4098360655737705,0.5,5,12,50,61,126
256,0.8020359969232231,EXPLOIT,5,0,0,19,25,64,0,0,0.38,0.4098360655737705,0.5039370078740157,5,12,50,61,127
257,0.628102726303041,EXPLOIT,5,0,0,19,25,65,0,0,0.38,0.4098360655737705,0.5078125,5,12,50,61,128
258,0.08931790548376739,explore,4,0,0,19,26,65,0,0,0.38,0.41935483870967744,0.5078125,5,12,50,62,128
259,0.6887443130835891,EXPLOIT,5,0,0,19,26,65,0,0,0.38,0.41935483870967744,0.5038759689922481,5,12,50,62,129
260,0.9569684632588178,EXPLOIT,5,0,0,19,26,65,0,0,0.38,0.41935483870967744,0.5,5,12,50,62,130
261,0.14805508241988719,EXPLOIT,5,0,0,19,26,66,0,0,0.38,0.41935483870967744,0.5038167938931297,5,12,50,62,131
262,0.9666121911723167,EXPLOIT,5,0,0,19,26,67,0,0,0.38,0.41935483870967744,0.5075757575757576,5,12,50,62,132
263,0.27596407011151314,EXPLOIT,5,0,0,19,26,68,0,0,0.38,0.41935483870967744,0.5112781954887218,5,12,50,62,133
264,0.6383064042311162,EXPLOIT,5,0,0,19,26,69,0,0,0.38,0.41935483870967744,0.5149253731343284,5,12,50,62,134
265,0.6405719551257789,EXPLOIT,5,0,0,19,26,70,0,0,0.38,0.41935483870967744,0.5185185185185185,5,12,50,62,135
266,0.04154330398887396,explore,4,0,0,19,26,70,0,0,0.38,0.4126984126984127,0.5185185185185185,5,12,50,63,135
267,0.8890641673933715,EXPLOIT,5,0,0,19,26,71,0,0,0.38,0.4126984126984127,0.5220588235294118,5,12,50,63,136
268,0.33397951791994274,EXPLOIT,5,0,0,19,26,72,0,0,0.38,0.4126984126984127,0.5255474452554745,5,12,50,63,137
269,0.6455587034579366,EXPLOIT,5,0,0,19,26,73,0,0,0.38,0.4126984126984127,0.5289855072463768,5,12,50,63,138
270,0.09269526391290128,explore,4,0,0,19,27,73,0,0,0.38,0.421875,0.5289855072463768,5,12,50,64,138
271,0.09190449980087578,explore,4,0,0,19,28,73,0,0,0.38,0.4307692307692308,0.5289855072463768,5,12,50,65,138
272,0.014467354631051421,explore,3,0,0,19,28,73,0,0,0.37254901960784315,0.4307692307692308,0.5289855072463768,5,12,51,65,138
273,0.3724963250569999,EXPLOIT,5,0,0,19,28,74,0,0,0.37254901960784315,0.4307692307692308,0.5323741007194245,5,12,51,65,139
274,0.30056441156193614,EXPLOIT,5,0,0,19,28,75,0,0,0.37254901960784315,0.4307692307692308,0.5357142857142857,5,12,51,65,140
275,0.053079950623214245,explore,3,0,0,19,28,75,0,0,0.36538461538461536,0.4307692307692308,0.5357142857142857,5,12,52,65,140
276,0.6619740417227149,EXPLOIT,5,0,0,19,28,76,0,0,0.36538461538461536,0.4307692307692308,0.5390070921985816,5,12,52,65,141
277,0.608813704457134,EXPLOIT,5,0,0,19,28,77,0,0,0.36538461538461536,0.4307692307692308,0.5422535211267606,5,12,52,65,142
278,0.34135464834980667,EXPLOIT,5,0,0,19,28,78,0,0,0.36538461538461536,0.4307692307692308,0.5454545454545454,5,12,52,65,143
279,0.6338004574645311,EXPLOIT,5,0,0,19,28,78,0,0,0.36538461538461536,0.4307692307692308,0.5416666666666666,5,12,52,65,144
280,0.4786790742073208,EXPLOIT,5,0,0,19,28,78,0,0,0.36538461538461536,0.4307692307692308,0.5379310344827586,5,12,52,65,145
281,0.02383517986163497,explore,1,0,0,19,28,78,0,0,0.36538461538461536,0.4307692307692308,0.5379310344827586,6,12,52,65,145
282,0.3425018780399114,EXPLOIT,5,0,0,19,28,79,0,0,0.36538461538461536,0.4307692307692308,0.541095890410959,6,12,52,65,146
283,0.043927616672590375,explore,1,1,0,19,28,79,0.14285714285714285,0,0.36538461538461536,0.4307692307692308,0.541095890410959,7,12,52,65,146
284,0.7519841492176056,EXPLOIT,5,1,0,19,28,80,0.14285714285714285,0,0.36538461538461536,0.4307692307692308,0.54421768707483,7,12,52,65,147
285,0.008201319491490722,explore,4,1,0,19,29,80,0.14285714285714285,0,0.36538461538461536,0.4393939393939394,0.54421768707483,7,12,52,66,147
286,0.5366069029550999,EXPLOIT,5,1,0,19,29,80,0.14285714285714285,0,0.36538461538461536,0.4393939393939394,0.5405405405405406,7,12,52,66,148
287,0.9134518692735583,EXPLOIT,5,1,0,19,29,80,0.14285714285714285,0,0.36538461538461536,0.4393939393939394,0.5369127516778524,7,12,52,66,149
288,0.3738701278343797,EXPLOIT,5,1,0,19,29,80,0.14285714285714285,0,0.36538461538461536,0.4393939393939394,0.5333333333333333,7,12,52,66,150
289,0.419911086326465,EXPLOIT,5,1,0,19,29,81,0.14285714285714285,0,0.36538461538461536,0.4393939393939394,0.5364238410596026,7,12,52,66,151
290,0.1549144322052598,EXPLOIT,5,1,0,19,29,81,0.14285714285714285,0,0.36538461538461536,0.4393939393939394,0.5328947368421053,7,12,52,66,152
291,0.856499276123941,EXPLOIT,5,1,0,19,29,82,0.14285714285714285,0,0.36538461538461536,0.4393939393939394,0.5359477124183006,7,12,52,66,153
292,0.41564094577915967,EXPLOIT,5,1,0,19,29,83,0.14285714285714285,0,0.36538461538461536,0.4393939393939394,0.538961038961039,7,12,52,66,154
293,0.7798498375341296,EXPLOIT,5,1,0,19,29,83,0.14285714285714285,0,0.36538461538461536,0.4393939393939394,0.535483870967742,7,12,52,66,155
294,0.22477948642335832,EXPLOIT,5,1,0,19,29,83,0.14285714285714285,0,0.36538461538461536,0.4393939393939394,0.532051282051282,7,12,52,66,156
295,0.37795345997437835,EXPLOIT,5,1,0,19,29,83,0.14285714285714285,0,0.36538461538461536,0.4393939393939394,0.5286624203821656,7,12,52,66,157
296,0.1713277935050428,EXPLOIT,5,1,0,19,29,83,0.14285714285714285,0,0.36538461538461536,0.4393939393939394,0.5253164556962026,7,12,52,66,158
297,0.19956713425926864,EXPLOIT,5,1,0,19,29,83,0.14285714285714285,0,0.36538461538461536,0.4393939393939394,0.5220125786163522,7,12,52,66,159
298,0.04728000867180526,explore,3,1,0,19,29,83,0.14285714285714285,0,0.3584905660377358,0.4393939393939394,0.5220125786163522,7,12,53,66,159
299,0.5732068049255759,EXPLOIT,5,1,0,19,29,84,0.14285714285714285,0,0.3584905660377358,0.4393939393939394,0.525,7,12,53,66,160
300,0.9719842711929232,EXPLOIT,5,1,0,19,29,85,0.14285714285714285,0,0.3584905660377358,0.4393939393939394,0.5279503105590062,7,12,53,66,161
301,0.9594190842472017,EXPLOIT,5,1,0,19,29,85,0.14285714285714285,0,0.3584905660377358,0.4393939393939394,0.5246913580246914,7,12,53,66,162
302,0.14941196306608617,EXPLOIT,5,1,0,19,29,85,0.14285714285714285,0,0.3584905660377358,0.4393939393939394,0.5214723926380368,7,12,53,66,163
303,0.1942901350557804,EXPLOIT,5,1,0,19,29,85,0.14285714285714285,0,0.3584905660377358,0.4393939393939394,0.5182926829268293,7,12,53,66,164
304,0.43866651179268956,EXPLOIT,5,1,0,19,29,86,0.14285714285714285,0,0.3584905660377358,0.4393939393939394,0.5212121212121212,7,12,53,66,165
305,0.11341173085384071,EXPLOIT,5,1,0,19,29,86,0.14285714285714285,0,0.3584905660377358,0.4393939393939394,0.5180722891566265,7,12,53,66,166
306,0.6787184162531048,EXPLOIT,5,1,0,19,29,87,0.14285714285714285,0,0.3584905660377358,0.4393939393939394,0.5209580838323353,7,12,53,66,167
307,0.02518503344617784,explore,3,1,0,19,29,87,0.14285714285714285,0,0.35185185185185186,0.4393939393939394,0.5209580838323353,7,12,54,66,167
308,0.3752353785093874,EXPLOIT,5,1,0,19,29,87,0.14285714285714285,0,0.35185185185185186,0.4393939393939394,0.5178571428571429,7,12,54,66,168
309,0.8191421246156096,EXPLOIT,5,1,0,19,29,87,0.14285714285714285,0,0.35185185185185186,0.4393939393939394,0.514792899408284,7,12,54,66,169
310,0.6527617641258985,EXPLOIT,5,1,0,19,29,87,0.14285714285714285,0,0.35185185185185186,0.4393939393939394,0.5117647058823529,7,12,54,66,170
311,0.16455053049139678,EXPLOIT,5,1,0,19,29,87,0.14285714285714285,0,0.35185185185185186,0.4393939393939394,0.5087719298245614,7,12,54,66,171
312,0.7510680467821658,EXPLOIT,5,1,0,19,29,88,0.14285714285714285,0,0.35185185185185186,0.4393939393939394,0.5116279069767442,7,12,54,66,172
313,0.24644775968044996,EXPLOIT,5,1,0,19,29,88,0.14285714285714285,0,0.35185185185185186,0.4393939393939394,0.5086705202312138,7,12,54,66,173
314,0.2734432553406805,EXPLOIT,5,1,0,19,29,88,0.14285714285714285,0,0.35185185185185186,0.4393939393939394,0.5057471264367817,7,12,54,66,174
315,0.6099941639695317,EXPLOIT,5,1,0,19,29,88,0.14285714285714285,0,0.35185185185185186,0.4393939393939394,0.5028571428571429,7,12,54,66,175
316,0.42276643496006727,EXPLOIT,5,1,0,19,29,88,0.14285714285714285,0,0.35185185185185186,0.4393939393939394,0.5,7,12,54,66,176
317,0.35426304675638676,EXPLOIT,5,1,0,19,29,89,0.14285714285714285,0,0.35185185185185186,0.4393939393939394,0.5028248587570622,7,12,54,66,177
318,0.8491259373258799,EXPLOIT,5,1,0,19,29,89,0.14285714285714285,0,0.35185185185185186,0.4393939393939394,0.5,7,12,54,66,178
319,0.16995979519560933,EXPLOIT,5,1,0,19,29,90,0.14285714285714285,0,0.35185185185185186,0.4393939393939394,0.5027932960893855,7,12,54,66,179
320,0.9965131231583655,EXPLOIT,5,1,0,19,29,90,0.14285714285714285,0,0.35185185185185186,0.4393939393939394,0.5,7,12,54,66,180
321,0.7632442361209542,EXPLOIT,5,1,0,19,29,90,0.14285714285714285,0,0.35185185185185186,0.4393939393939394,0.4972375690607735,7,12,54,66,181
322,0.26629853853955865,EXPLOIT,5,1,0,19,29,90,0.14285714285714285,0,0.35185185185185186,0.4393939393939394,0.4945054945054945,7,12,54,66,182
323,0.16158719593659043,EXPLOIT,5,1,0,19,29,90,0.14285714285714285,0,0.35185185185185186,0.4393939393939394,0.4918032786885246,7,12,54,66,183
324,0.7234181324020028,EXPLOIT,5,1,0,19,29,91,0.14285714285714285,0,0.35185185185185186,0.4393939393939394,0.4945652173913043,7,12,54,66,184
325,0.35782326804473996,EXPLOIT,5,1,0,19,29,91,0.14285714285714285,0,0.35185185185185186,0.4393939393939394,0.4918918918918919,7,12,54,66,185
326,0.15237018303014338,EXPLOIT,5,1,0,19,29,91,0.14285714285714285,0,0.35185185185185186,0.4393939393939394,0.489247311827957,7,12,54,66,186
327,0.12146554933860898,EXPLOIT,5,1,0,19,29,92,0.14285714285714285,0,0.35185185185185186,0.4393939393939394,0.4919786096256685,7,12,54,66,187
328,0.585887473076582,EXPLOIT,5,1,0,19,29,93,0.14285714285714285,0,0.35185185185185186,0.4393939393939394,0.4946808510638298,7,12,54,66,188
329,0.6986922356300056,EXPLOIT,5,1,0,19,29,94,0.14285714285714285,0,0.35185185185185186,0.4393939393939394,0.4973544973544973,7,12,54,66,189
330,0.4058450039010495,EXPLOIT,5,1,0,19,29,94,0.14285714285714285,0,0.35185185185185186,0.4393939393939394,0.49473684210526314,7,12,54,66,190
331,0.8573839424643666,EXPLOIT,5,1,0,19,29,94,0.14285714285714285,0,0.35185185185185186,0.4393939393939394,0.49214659685863876,7,12,54,66,191
332,0.905712315812707,EXPLOIT,5,1,0,19,29,94,0.14285714285714285,0,0.35185185185185186,0.4393939393939394,0.4895833333333333,7,12,54,66,192
333,0.34398676874116063,EXPLOIT,5,1,0,19,29,94,0.14285714285714285,0,0.35185185185185186,0.4393939393939394,0.48704663212435234,7,12,54,66,193
334,0.18143314984627068,EXPLOIT,5,1,0,19,29,95,0.14285714285714285,0,0.35185185185185186,0.4393939393939394,0.4896907216494845,7,12,54,66,194
335,0.16060189343988895,EXPLOIT,5,1,0,19,29,96,0.14285714285714285,0,0.35185185185185186,0.4393939393939394,0.49230769230769234,7,12,54,66,195
336,0.29106953111477196,EXPLOIT,5,1,0,19,29,97,0.14285714285714285,0,0.35185185185185186,0.4393939393939394,0.49489795918367346,7,12,54,66,196
337,0.72886868333444,EXPLOIT,5,1,0,19,29,97,0.14285714285714285,0,0.35185185185185186,0.4393939393939394,0.49238578680203043,7,12,54,66,197
338,0.25658409972675145,EXPLOIT,5,1,0,19,29,97,0.14285714285714285,0,0.35185185185185186,0.4393939393939394,0.4898989898989899,7,12,54,66,198
339,0.8993426421657205,EXPLOIT,5,1,0,19,29,97,0.14285714285714285,0,0.35185185185185186,0.4393939393939394,0.48743718592964824,7,12,54,66,199
340,0.28321135067380965,EXPLOIT,5,1,0,19,29,97,0.14285714285714285,0,0.35185185185185186,0.4393939393939394,0.485,7,12,54,66,200
341,0.5006274068728089,EXPLOIT,5,1,0,19,29,97,0.14285714285714285,0,0.35185185185185186,0.4393939393939394,0.48258706467661694,7,12,54,66,201
342,0.44649378629401326,EXPLOIT,5,1,0,19,29,97,0.14285714285714285,0,0.35185185185185186,0.4393939393939394,0.4801980198019802,7,12,54,66,202
343,0.1521120211109519,EXPLOIT,5,1,0,19,29,97,0.14285714285714285,0,0.35185185185185186,0.4393939393939394,0.47783251231527096,7,12,54,66,203
344,0.06513203796930611,explore,1,1,0,19,29,97,0.125,0,0.35185185185185186,0.4393939393939394,0.47783251231527096,8,12,54,66,203
345,0.8580546213779598,EXPLOIT,5,1,0,19,29,98,0.125,0,0.35185185185185186,0.4393939393939394,0.4803921568627451,8,12,54,66,204
346,0.37428629538044333,EXPLOIT,5,1,0,19,29,99,0.125,0,0.35185185185185186,0.4393939393939394,0.48292682926829267,8,12,54,66,205
347,0.33737464854493737,EXPLOIT,5,1,0,19,29,99,0.125,0,0.35185185185185186,0.4393939393939394,0.48058252427184467,8,12,54,66,206
348,0.34947814140468836,EXPLOIT,5,1,0,19,29,99,0.125,0,0.35185185185185186,0.4393939393939394,0.4782608695652174,8,12,54,66,207
349,0.9014468910172582,EXPLOIT,5,1,0,19,29,100,0.125,0,0.35185185185185186,0.4393939393939394,0.4807692307692308,8,12,54,66,208
350,0.33898071851581335,EXPLOIT,5,1,0,19,29,100,0.125,0,0.35185185185185186,0.4393939393939394,0.4784688995215311,8,12,54,66,209
351,0.7727806640323251,EXPLOIT,5,1,0,19,29,100,0.125,0,0.35185185185185186,0.4393939393939394,0.47619047619047616,8,12,54,66,210
352,0.9364135114010423,EXPLOIT,5,1,0,19,29,101,0.125,0,0.35185185185185186,0.4393939393939394,0.4786729857819905,8,12,54,66,211
353,0.9884573111776263,EXPLOIT,5,1,0,19,29,102,0.125,0,0.35185185185185186,0.4393939393939394,0.4811320754716981,8,12,54,66,212
354,0.8783798965159804,EXPLOIT,5,1,0,19,29,103,0.125,0,0.35185185185185186,0.4393939393939394,0.4835680751173709,8,12,54,66,213
355,0.44807641115039587,EXPLOIT,5,1,0,19,29,104,0.125,0,0.35185185185185186,0.4393939393939394,0.48598130841121495,8,12,54,66,214
356,0.7381470140535384,EXPLOIT,5,1,0,19,29,105,0.125,0,0.35185185185185186,0.4393939393939394,0.4883720930232558,8,12,54,66,215
357,0.759224243927747,EXPLOIT,5,1,0,19,29,106,0.125,0,0.35185185185185186,0.4393939393939394,0.49074074074074076,8,12,54,66,216
358,0.5209530140273273,EXPLOIT,5,1,0,19,29,106,0.125,0,0.35185185185185186,0.4393939393939394,0.48847926267281105,8,12,54,66,217
359,0.39747894438914955,EXPLOIT,5,1,0,19,29,106,0.125,0,0.35185185185185186,0.4393939393939394,0.48623853211009177,8,12,54,66,218
360,0.9574030705261976,EXPLOIT,5,1,0,19,29,106,0.125,0,0.35185185185185186,0.4393939393939394,0.4840182648401826,8,12,54,66,219
361,0.8451465542893857,EXPLOIT,5,1,0,19,29,107,0.125,0,0.35185185185185186,0.4393939393939394,0.4863636363636364,8,12,54,66,220
362,0.19786638533696532,EXPLOIT,5,1,0,19,29,108,0.125,0,0.35185185185185186,0.4393939393939394,0.48868778280542985,8,12,54,66,221
363,0.32090625911951065,EXPLOIT,5,1,0,19,29,108,0.125,0,0.35185185185185186,0.4393939393939394,0.4864864864864865,8,12,54,66,222
364,0.9365255646407604,EXPLOIT,5,1,0,19,29,108,0.125,0,0.35185185185185186,0.4393939393939394,0.484304932735426,8,12,54,66,223
365,0.36835398292168975,EXPLOIT,5,1,0,19,29,109,0.125,0,0.35185185185185186,0.4393939393939394,0.48660714285714285,8,12,54,66,224
366,0.5414171032607555,EXPLOIT,5,1,0,19,29,110,0.125,0,0.35185185185185186,0.4393939393939394,0.4888888888888889,8,12,54,66,225
367,0.5610478653106838,EXPLOIT,5,1,0,19,29,110,0.125,0,0.35185185185185186,0.4393939393939394,0.48672566371681414,8,12,54,66,226
368,0.33187872101552784,EXPLOIT,5,1,0,19,29,111,0.125,0,0.35185185185185186,0.4393939393939394,0.4889867841409692,8,12,54,66,227
369,0.2338293062057346,EXPLOIT,5,1,0,19,29,111,0.125,0,0.35185185185185186,0.4393939393939394,0.4868421052631579,8,12,54,66,228
370,0.3201376732904464,EXPLOIT,5,1,0,19,29,112,0.125,0,0.35185185185185186,0.4393939393939394,0.4890829694323144,8,12,54,66,229
371,0.9055878492072225,EXPLOIT,5,1,0,19,29,112,0.125,0,0.35185185185185186,0.4393939393939394,0.48695652173913045,8,12,54,66,230
372,0.8665014796424657,EXPLOIT,5,1,0,19,29,113,0.125,0,0.35185185185185186,0.4393939393939394,0.48917748917748916,8,12,54,66,231
373,0.7357985740527511,EXPLOIT,5,1,0,19,29,114,0.125,0,0.35185185185185186,0.4393939393939394,0.49137931034482757,8,12,54,66,232
374,0.04227695916779339,explore,3,1,0,20,29,114,0.125,0,0.36363636363636365,0.4393939393939394,0.49137931034482757,8,12,55,66,232
375,0.4300070197787136,EXPLOIT,5,1,0,20,29,114,0.125,0,0.36363636363636365,0.4393939393939394,0.4892703862660944,8,12,55,66,233
376,0.07086314959451556,explore,4,1,0,20,30,114,0.125,0,0.36363636363636365,0.44776119402985076,0.4892703862660944,8,12,55,67,233
377,0.5999691616743803,EXPLOIT,5,1,0,20,30,114,0.125,0,0.36363636363636365,0.44776119402985076,0.48717948717948717,8,12,55,67,234
378,0.10011813300661743,EXPLOIT,5,1,0,20,30,114,0.125,0,0.36363636363636365,0.44776119402985076,0.4851063829787234,8,12,55,67,235
379,0.6337366451043636,EXPLOIT,5,1,0,20,30,114,0.125,0,0.36363636363636365,0.44776119402985076,0.4830508474576271,8,12,55,67,236
380,0.5911958124488592,EXPLOIT,5,1,0,20,30,115,0.125,0,0.36363636363636365,0.44776119402985076,0.48523206751054854,8,12,55,67,237
381,0.5831795048434287,EXPLOIT,5,1,0,20,30,115,0.125,0,0.36363636363636365,0.44776119402985076,0.4831932773109244,8,12,55,67,238
382,0.5551900232676417,EXPLOIT,5,1,0,20,30,115,0.125,0,0.36363636363636365,0.44776119402985076,0.4811715481171548,8,12,55,67,239
383,0.07050236174836755,explore,2,1,0,20,30,115,0.125,0,0.36363636363636365,0.44776119402985076,0.4811715481171548,8,13,55,67,239
384,0.18213436868973076,EXPLOIT,5,1,0,20,30,116,0.125,0,0.36363636363636365,0.44776119402985076,0.48333333333333334,8,13,55,67,240
385,0.9189172745682299,EXPLOIT,5,1,0,20,30,117,0.125,0,0.36363636363636365,0.44776119402985076,0.4854771784232365,8,13,55,67,241
386,0.8176011675968766,EXPLOIT,5,1,0,20,30,118,0.125,0,0.36363636363636365,0.44776119402985076,0.48760330578512395,8,13,55,67,242
387,0.9803931161295623,EXPLOIT,5,1,0,20,30,118,0.125,0,0.36363636363636365,0.44776119402985076,0.48559670781893005,8,13,55,67,243
388,0.8910069710109383,EXPLOIT,5,1,0,20,30,119,0.125,0,0.36363636363636365,0.44776119402985076,0.48770491803278687,8,13,55,67,244
389,0.8118589301593602,EXPLOIT,5,1,0,20,30,119,0.125,0,0.36363636363636365,0.44776119402985076,0.4857142857142857,8,13,55,67,245
390,0.3442174498923123,EXPLOIT,5,1,0,20,30,119,0.125,0,0.36363636363636365,0.44776119402985076,0.483739837398374,8,13,55,67,246
391,0.9354332711081952,EXPLOIT,5,1,0,20,30,119,0.125,0,0.36363636363636365,0.44776119402985076,0.4817813765182186,8,13,55,67,247
392,0.2505320489872247,EXPLOIT,5,1,0,20,30,120,0.125,0,0.36363636363636365,0.44776119402985076,0.4838709677419355,8,13,55,67,248
393,0.9987078954000026,EXPLOIT,5,1,0,20,30,120,0.125,0,0.36363636363636365,0.44776119402985076,0.4819277108433735,8,13,55,67,249
394,0.4851560245733708,EXPLOIT,5,1,0,20,30,121,0.125,0,0.36363636363636365,0.44776119402985076,0.484,8,13,55,67,250
395,0.3153065093792975,EXPLOIT,5,1,0,20,30,122,0.125,0,0.36363636363636365,0.44776119402985076,0.4860557768924303,8,13,55,67,251
396,0.04757246421650052,explore,4,1,0,20,30,122,0.125,0,0.36363636363636365,0.4411764705882353,0.4860557768924303,8,13,55,68,251
397,0.5969941180665046,EXPLOIT,5,1,0,20,30,123,0.125,0,0.36363636363636365,0.4411764705882353,0.4880952380952381,8,13,55,68,252
398,0.7284566403832287,EXPLOIT,5,1,0,20,30,124,0.125,0,0.36363636363636365,0.4411764705882353,0.4901185770750988,8,13,55,68,253
399,0.2016443635802716,EXPLOIT,5,1,0,20,30,124,0.125,0,0.36363636363636365,0.4411764705882353,0.4881889763779528,8,13,55,68,254
400,0.8431248108390719,EXPLOIT,5,1,0,20,30,124,0.125,0,0.36363636363636365,0.4411764705882353,0.48627450980392156,8,13,55,68,255
401,0.7352654614951462,EXPLOIT,5,1,0,20,30,125,0.125,0,0.36363636363636365,0.4411764705882353,0.48828125,8,13,55,68,256
402,0.5917742853052914,EXPLOIT,5,1,0,20,30,126,0.125,0,0.36363636363636365,0.4411764705882353,0.490272373540856,8,13,55,68,257
403,0.06060920935124159,explore,4,1,0,20,31,126,0.125,0,0.36363636363636365,0.4492753623188406,0.490272373540856,8,13,55,69,257
404,0.3846522797830403,EXPLOIT,5,1,0,20,31,127,0.125,0,0.36363636363636365,0.4492753623188406,0.49224806201550386,8,13,55,69,258
405,0.2066812035627663,EXPLOIT,5,1,0,20,31,128,0.125,0,0.36363636363636365,0.4492753623188406,0.4942084942084942,8,13,55,69,259
406,0.26102051185444,EXPLOIT,5,1,0,20,31,128,0.125,0,0.36363636363636365,0.4492753623188406,0.49230769230769234,8,13,55,69,260
407,0.5408666038420051,EXPLOIT,5,1,0,20,31,129,0.125,0,0.36363636363636365,0.4492753623188406,0.4942528735632184,8,13,55,69,261
408,0.03599284798838198,explore,4,1,0,20,31,129,0.125,0,0.36363636363636365,0.44285714285714284,0.4942528735632184,8,13,55,70,261
409,0.7041341916192323,EXPLOIT,5,1,0,20,31,130,0.125,0,0.36363636363636365,0.44285714285714284,0.4961832061068702,8,13,55,70,262
410,0.08383393147960305,explore,3,1,0,20,31,130,0.125,0,0.35714285714285715,0.44285714285714284,0.4961832061068702,8,13,56,70,262
411,0.9799340462777764,EXPLOIT,5,1,0,20,31,130,0.125,0,0.35714285714285715,0.44285714285714284,0.49429657794676807,8,13,56,70,263
412,0.9120787337888032,EXPLOIT,5,1,0,20,31,130,0.125,0,0.35714285714285715,0.44285714285714284,0.49242424242424243,8,13,56,70,264
413,0.29604957113042474,EXPLOIT,5,1,0,20,31,131,0.125,0,0.35714285714285715,0.44285714285714284,0.49433962264150944,8,13,56,70,265
414,0.055001380154863,explore,4,1,0,20,31,131,0.125,0,0.35714285714285715,0.43661971830985913,0.49433962264150944,8,13,56,71,265
415,0.6970791174098849,EXPLOIT,5,1,0,20,31,131,0.125,0,0.35714285714285715,0.43661971830985913,0.4924812030075188,8,13,56,71,266
416,0.28494491754099727,EXPLOIT,5,1,0,20,31,131,0.125,0,0.35714285714285715,0.43661971830985913,0.49063670411985016,8,13,56,71,267
417,0.3203827436082065,EXPLOIT,5,1,0,20,31,132,0.125,0,0.35714285714285715,0.43661971830985913,0.4925373134328358,8,13,56,71,268
418,0.4190741067286581,EXPLOIT,5,1,0,20,31,133,0.125,0,0.35714285714285715,0.43661971830985913,0.4944237918215613,8,13,56,71,269
419,0.3542034865822643,EXPLOIT,5,1,0,20,31,134,0.125,0,0.35714285714285715,0.43661971830985913,0.4962962962962963,8,13,56,71,270
420,0.4427923816256225,EXPLOIT,5,1,0,20,31,134,0.125,0,0.35714285714285715,0.43661971830985913,0.4944649446494465,8,13,56,71,271
421,0.1515395815949887,EXPLOIT,5,1,0,20,31,135,0.125,0,0.35714285714285715,0.43661971830985913,0.4963235294117647,8,13,56,71,272
422,0.8087851598393172,EXPLOIT,5,1,0,20,31,136,0.125,0,0.35714285714285715,0.43661971830985913,0.4981684981684982,8,13,56,71,273
423,0.54025998711586,EXPLOIT,5,1,0,20,31,137,0.125,0,0.35714285714285715,0.43661971830985913,0.5,8,13,56,71,274
424,0.6585312990937382,EXPLOIT,5,1,0,20,31,137,0.125,0,0.35714285714285715,0.43661971830985913,0.49818181818181817,8,13,56,71,275
425,0.5193835785612464,EXPLOIT,5,1,0,20,31,138,0.125,0,0.35714285714285715,0.43661971830985913,0.5,8,13,56,71,276
426,0.21456871693953872,EXPLOIT,5,1,0,20,31,139,0.125,0,0.35714285714285715,0.43661971830985913,0.5018050541516246,8,13,56,71,277
427,0.9760898221284151,EXPLOIT,5,1,0,20,31,140,0.125,0,0.35714285714285715,0.43661971830985913,0.5035971223021583,8,13,56,71,278
428,0.14329276606440544,EXPLOIT,5,1,0,20,31,141,0.125,0,0.35714285714285715,0.43661971830985913,0.5053763440860215,8,13,56,71,279
429,0.49974287510849535,EXPLOIT,5,1,0,20,31,141,0.125,0,0.35714285714285715,0.43661971830985913,0.5035714285714286,8,13,56,71,280
430,0.32701417757198215,EXPLOIT,5,1,0,20,31,141,0.125,0,0.35714285714285715,0.43661971830985913,0.501779359430605,8,13,56,71,281
431,0.8670952182728797,EXPLOIT,5,1,0,20,31,141,0.125,0,0.35714285714285715,0.43661971830985913,0.5,8,13,56,71,282
432,0.8698932470288128,EXPLOIT,5,1,0,20,31,141,0.125,0,0.35714285714285715,0.43661971830985913,0.49823321554770317,8,13,56,71,283
433,0.21526622702367604,EXPLOIT,5,1,0,20,31,141,0.125,0,0.35714285714285715,0.43661971830985913,0.4964788732394366,8,13,56,71,284
434,0.31465194816701114,EXPLOIT,5,1,0,20,31,141,0.125,0,0.35714285714285715,0.43661971830985913,0.49473684210526314,8,13,56,71,285
435,0.614241705974564,EXPLOIT,5,1,0,20,31,141,0.125,0,0.35714285714285715,0.43661971830985913,0.493006993006993,8,13,56,71,286
436,0.5368699966929853,EXPLOIT,5,1,0,20,31,142,0.125,0,0.35714285714285715,0.43661971830985913,0.49477351916376305,8,13,56,71,287
437,0.5626503331586719,EXPLOIT,5,1,0,20,31,143,0.125,0,0.35714285714285715,0.43661971830985913,0.4965277777777778,8,13,56,71,288
438,0.7222658954560757,EXPLOIT,5,1,0,20,31,143,0.125,0,0.35714285714285715,0.43661971830985913,0.49480968858131485,8,13,56,71,289
439,0.6420967131853104,EXPLOIT,5,1,0,20,31,144,0.125,0,0.35714285714285715,0.43661971830985913,0.496551724137931,8,13,56,71,290
440,0.041353065986186266,explore,3,1,0,21,31,144,0.125,0,0.3684210526315789,0.43661971830985913,0.496551724137931,8,13,57,71,290
441,0.08649369608610868,explore,4,1,0,21,31,144,0.125,0,0.3684210526315789,0.4305555555555556,0.496551724137931,8,13,57,72,290
442,0.3997054749634117,EXPLOIT,5,1,0,21,31,145,0.125,0,0.3684210526315789,0.4305555555555556,0.49828178694158076,8,13,57,72,291
443,0.34455010923556983,EXPLOIT,5,1,0,21,31,145,0.125,0,0.3684210526315789,0.4305555555555556,0.4965753424657534,8,13,57,72,292
444,0.46516958507709205,EXPLOIT,5,1,0,21,31,146,0.125,0,0.3684210526315789,0.4305555555555556,0.49829351535836175,8,13,57,72,293
445,0.7495754179544747,EXPLOIT,5,1,0,21,31,146,0.125,0,0.3684210526315789,0.4305555555555556,0.4965986394557823,8,13,57,72,294
446,0.9602600238285959,EXPLOIT,5,1,0,21,31,146,0.125,0,0.3684210526315789,0.4305555555555556,0.49491525423728816,8,13,57,72,295
447,0.11832001036964357,EXPLOIT,5,1,0,21,31,146,0.125,0,0.3684210526315789,0.4305555555555556,0.49324324324324326,8,13,57,72,296
448,0.7666579564101994,EXPLOIT,5,1,0,21,31,146,0.125,0,0.3684210526315789,0.4305555555555556,0.49158249158249157,8,13,57,72,297
449,0.9488260955549777,EXPLOIT,5,1,0,21,31,146,0.125,0,0.3684210526315789,0.4305555555555556,0.4899328859060403,8,13,57,72,298
450,0.3260677915532142,EXPLOIT,5,1,0,21,31,146,0.125,0,0.3684210526315789,0.4305555555555556,0.4882943143812709,8,13,57,72,299
451,0.2433315848466009,EXPLOIT,5,1,0,21,31,146,0.125,0,0.3684210526315789,0.4305555555555556,0.4866666666666667,8,13,57,72,300
452,0.6403718537185341,EXPLOIT,5,1,0,21,31,146,0.125,0,0.3684210526315789,0.4305555555555556,0.4850498338870432,8,13,57,72,301
453,0.7158888808917254,EXPLOIT,5,1,0,21,31,146,0.125,0,0.3684210526315789,0.4305555555555556,0.48344370860927155,8,13,57,72,302
454,0.8609238970093429,EXPLOIT,5,1,0,21,31,147,0.125,0,0.3684210526315789,0.4305555555555556,0.48514851485148514,8,13,57,72,303
455,0.610758199589327,EXPLOIT,5,1,0,21,31,147,0.125,0,0.3684210526315789,0.4305555555555556,0.48355263157894735,8,13,57,72,304
456,0.8968988424167037,EXPLOIT,5,1,0,21,31,147,0.125,0,0.3684210526315789,0.4305555555555556,0.4819672131147541,8,13,57,72,305
457,0.5935736452229321,EXPLOIT,5,1,0,21,31,148,0.125,0,0.3684210526315789,0.4305555555555556,0.48366013071895425,8,13,57,72,306
458,0.2888333809096366,EXPLOIT,5,1,0,21,31,149,0.125,0,0.3684210526315789,0.4305555555555556,0.48534201954397393,8,13,57,72,307
459,0.5162371664773673,EXPLOIT,5,1,0,21,31,150,0.125,0,0.3684210526315789,0.4305555555555556,0.487012987012987,8,13,57,72,308
460,0.4043470825999975,EXPLOIT,5,1,0,21,31,150,0.125,0,0.3684210526315789,0.4305555555555556,0.4854368932038835,8,13,57,72,309
461,0.4620901292655617,EXPLOIT,5,1,0,21,31,150,0.125,0,0.3684210526315789,0.4305555555555556,0.4838709677419355,8,13,57,72,310
462,0.29658721713349223,EXPLOIT,5,1,0,21,31,151,0.125,0,0.3684210526315789,0.4305555555555556,0.4855305466237942,8,13,57,72,311
463,0.7446322494652122,EXPLOIT,5,1,0,21,31,152,0.125,0,0.3684210526315789,0.4305555555555556,0.48717948717948717,8,13,57,72,312
464,0.7379300417378545,EXPLOIT,5,1,0,21,31,153,0.125,0,0.3684210526315789,0.4305555555555556,0.48881789137380194,8,13,57,72,313
465,0.01866621896624565,explore,4,1,0,21,32,153,0.125,0,0.3684210526315789,0.4383561643835616,0.48881789137380194,8,13,57,73,313
466,0.3830998516641557,EXPLOIT,5,1,0,21,32,154,0.125,0,0.3684210526315789,0.4383561643835616,0.49044585987261147,8,13,57,73,314
467,0.38632179284468293,EXPLOIT,5,1,0,21,32,155,0.125,0,0.3684210526315789,0.4383561643835616,0.49206349206349204,8,13,57,73,315
468,0.18581479508429766,EXPLOIT,5,1,0,21,32,156,0.125,0,0.3684210526315789,0.4383561643835616,0.4936708860759494,8,13,57,73,316
469,0.5020114337094128,EXPLOIT,5,1,0,21,32,156,0.125,0,0.3684210526315789,0.4383561643835616,0.4921135646687697,8,13,57,73,317
470,0.44798662094399333,EXPLOIT,5,1,0,21,32,156,0.125,0,0.3684210526315789,0.4383561643835616,0.49056603773584906,8,13,57,73,318
471,0.5613839772995561,EXPLOIT,5,1,0,21,32,156,0.125,0,0.3684210526315789,0.4383561643835616,0.4890282131661442,8,13,57,73,319
472,0.5012179408222437,EXPLOIT,5,1,0,21,32,156,0.125,0,0.3684210526315789,0.4383561643835616,0.4875,8,13,57,73,320
473,0.7391543542034924,EXPLOIT,5,1,0,21,32,156,0.125,0,0.3684210526315789,0.4383561643835616,0.48598130841121495,8,13,57,73,321
474,0.3440476623363793,EXPLOIT,5,1,0,21,32,156,0.125,0,0.3684210526315789,0.4383561643835616,0.484472049689441,8,13,57,73,322
475,0.6411133105866611,EXPLOIT,5,1,0,21,32,157,0.125,0,0.3684210526315789,0.4383561643835616,0.48606811145510836,8,13,57,73,323
476,0.8462515757419169,EXPLOIT,5,1,0,21,32,158,0.125,0,0.3684210526315789,0.4383561643835616,0.4876543209876543,8,13,57,73,324
477,0.20326751749962568,EXPLOIT,5,1,0,21,32,159,0.125,0,0.3684210526315789,0.4383561643835616,0.48923076923076925,8,13,57,73,325
478,0.5419687400572002,EXPLOIT,5,1,0,21,32,160,0.125,0,0.3684210526315789,0.4383561643835616,0.49079754601226994,8,13,57,73,326
479,0.18452748004347086,EXPLOIT,5,1,0,21,32,160,0.125,0,0.3684210526315789,0.4383561643835616,0.4892966360856269,8,13,57,73,327
480,0.6721069111954421,EXPLOIT,5,1,0,21,32,161,0.125,0,0.3684210526315789,0.4383561643835616,0.49085365853658536,8,13,57,73,328
481,0.3407102015335113,EXPLOIT,5,1,0,21,32,162,0.125,0,0.3684210526315789,0.4383561643835616,0.49240121580547114,8,13,57,73,329
482,0.40260037453845143,EXPLOIT,5,1,0,21,32,162,0.125,0,0.3684210526315789,0.4383561643835616,0.4909090909090909,8,13,57,73,330
483,0.8274501417763531,EXPLOIT,5,1,0,21,32,163,0.125,0,0.3684210526315789,0.4383561643835616,0.49244712990936557,8,13,57,73,331
484,0.05294648604467511,explore,1,1,0,21,32,163,0.1111111111111111,0,0.3684210526315789,0.4383561643835616,0.49244712990936557,9,13,57,73,331
485,0.02385605638846755,explore,4,1,0,21,32,163,0.1111111111111111,0,0.3684210526315789,0.43243243243243246,0.49244712990936557,9,13,57,74,331
486,0.820659359684214,EXPLOIT,5,1,0,21,32,163,0.1111111111111111,0,0.3684210526315789,0.43243243243243246,0.49096385542168675,9,13,57,74,332
487,0.425830801948905,EXPLOIT,5,1,0,21,32,164,0.1111111111111111,0,0.3684210526315789,0.43243243243243246,0.4924924924924925,9,13,57,74,333
488,0.9949227089527994,EXPLOIT,5,1,0,21,32,165,0.1111111111111111,0,0.3684210526315789,0.43243243243243246,0.4940119760479042,9,13,57,74,334
489,0.09533987008035183,explore,1,1,0,21,32,165,0.1,0,0.3684210526315789,0.43243243243243246,0.4940119760479042,10,13,57,74,334
490,0.5745074236765504,EXPLOIT,5,1,0,21,32,165,0.1,0,0.3684210526315789,0.43243243243243246,0.4925373134328358,10,13,57,74,335
491,0.06839861534535885,explore,3,1,0,22,32,165,0.1,0,0.3793103448275862,0.43243243243243246,0.4925373134328358,10,13,58,74,335
492,0.12098564417101443,EXPLOIT,5,1,0,22,32,166,0.1,0,0.3793103448275862,0.43243243243243246,0.49404761904761907,10,13,58,74,336
493,0.2854948474559933,EXPLOIT,5,1,0,22,32,167,0.1,0,0.3793103448275862,0.43243243243243246,0.49554896142433236,10,13,58,74,337
494,0.515571252675727,EXPLOIT,5,1,0,22,32,167,0.1,0,0.3793103448275862,0.43243243243243246,0.4940828402366864,10,13,58,74,338
495,0.18645979976281524,EXPLOIT,5,1,0,22,32,167,0.1,0,0.3793103448275862,0.43243243243243246,0.49262536873156343,10,13,58,74,339
496,0.6950467671267688,EXPLOIT,5,1,0,22,32,167,0.1,0,0.3793103448275862,0.43243243243243246,0.49117647058823527,10,13,58,74,340
497,0.9444812070578337,EXPLOIT,5,1,0,22,32,167,0.1,0,0.3793103448275862,0.43243243243243246,0.4897360703812317,10,13,58,74,341
498,0.2524092171806842,EXPLOIT,5,1,0,22,32,168,0.1,0,0.3793103448275862,0.43243243243243246,0.49122807017543857,10,13,58,74,342
499,0.01986752450466156,explore,2,1,0,22,32,168,0.1,0,0.3793103448275862,0.43243243243243246,0.49122807017543857,10,14,58,74,342
500,0.3742549882736057,EXPLOIT,5,1,0,22,32,168,0.1,0,0.3793103448275862,0.43243243243243246,0.4897959183673469,10,14,58,74,343
