iteration,rand01,epsilon,strategy,choice,cr1,cr2,cr3,cr4,cr5,mu1,mu2,mu3,mu4,mu5,n1,n2,n3,n4,n5
0,NA,1,,NA,0,0,0,0,0,0,0,0,0,0,0,0,0,0,0
1,0.3311260440386832,0.969753393,EXPLOIT,4,0,0,0,0,0,0,0,0,0,0,0,0,0,1,0
2,0.0021511362865567207,0.964520714,EXPLOIT,2,0,0,0,0,0,0,0,0,0,0,0,1,0,1,0
3,0.01811916590668261,0.9593019629999999,EXPLOIT,4,0,0,0,0,0,0,0,0,0,0,0,1,0,2,0
4,0.5640031539369375,0.9540971399999999,EXPLOIT,2,0,0,0,0,0,0,0,0,0,0,0,2,0,2,0
5,0.575543045764789,0.948906245,EXPLOIT,3,0,0,0,0,0,0,0,0,0,0,0,2,1,2,0
6,0.3705786527134478,0.9437292780000001,EXPLOIT,2,0,0,0,0,0,0,0,0,0,0,0,3,1,2,0
7,0.5230631767772138,0.938566239,EXPLOIT,2,0,1,0,0,0,0,0.25,0,0,0,0,4,1,2,0
8,0.5121327987872064,0.933417128,explore,5,0,1,0,0,0,0,0.25,0,0,0,0,4,1,2,1
9,0.746540155261755,0.9282819449999999,explore,1,0,1,0,0,0,0,0.25,0,0,0,1,4,1,2,1
10,0.8846607368905097,0.92316069,explore,4,0,1,0,0,0,0,0.25,0,0,0,1,4,1,3,1
11,0.5980415684171021,0.918053363,explore,3,0,1,0,0,0,0,0.25,0,0,0,1,4,2,3,1
12,0.24685389851219952,0.9129599639999999,explore,4,0,1,0,1,0,0,0.25,0,0.25,0,1,4,2,4,1
13,0.03495560120791197,0.907880493,explore,5,0,1,0,1,0,0,0.25,0,0.25,0,1,4,2,4,2
14,0.13451365800574422,0.9028149499999999,explore,3,0,1,1,1,0,0,0.25,0.3333333333333333,0.25,0,1,4,3,4,2
15,0.6018802924081683,0.897763335,explore,5,0,1,1,1,0,0,0.25,0.3333333333333333,0.25,0,1,4,3,4,3
16,0.29348762100562453,0.892725648,explore,4,0,1,1,1,0,0,0.25,0.3333333333333333,0.2,0,1,4,3,5,3
17,0.4276110257487744,0.887701889,explore,2,0,1,1,1,0,0,0.2,0.3333333333333333,0.2,0,1,5,3,5,3
18,0.837238781619817,0.882692058,explore,4,0,1,1,1,0,0,0.2,0.3333333333333333,0.16666666666666666,0,1,5,3,6,3
19,0.3313017310574651,0.877696155,explore,5,0,1,1,1,0,0,0.2,0.3333333333333333,0.16666666666666666,0,1,5,3,6,4
20,0.5320352215785533,0.87271418,explore,4,0,1,1,1,0,0,0.2,0.3333333333333333,0.14285714285714285,0,1,5,3,7,4
21,0.3038708153180778,0.8677461329999999,explore,2,0,1,1,1,0,0,0.16666666666666666,0.3333333333333333,0.14285714285714285,0,1,6,3,7,4
22,0.13225046661682427,0.8627920139999999,explore,5,0,1,1,1,1,0,0.16666666666666666,0.3333333333333333,0.14285714285714285,0.2,1,6,3,7,5
23,0.7580939792096615,0.857851823,explore,5,0,1,1,1,2,0,0.16666666666666666,0.3333333333333333,0.14285714285714285,0.3333333333333333,1,6,3,7,6
24,0.10124968038871884,0.85292556,explore,4,0,1,1,2,2,0,0.16666666666666666,0.3333333333333333,0.25,0.3333333333333333,1,6,3,8,6
25,0.565036193234846,0.848013225,explore,2,0,1,1,2,2,0,0.14285714285714285,0.3333333333333333,0.25,0.3333333333333333,1,7,3,8,6
26,0.8570024510845542,0.843114818,EXPLOIT,5,0,1,1,2,3,0,0.14285714285714285,0.3333333333333333,0.25,0.42857142857142855,1,7,3,8,7
27,0.7846439960412681,0.838230339,explore,2,0,1,1,2,3,0,0.125,0.3333333333333333,0.25,0.42857142857142855,1,8,3,8,7
28,0.509318403666839,0.833359788,explore,1,1,1,1,2,3,0.5,0.125,0.3333333333333333,0.25,0.42857142857142855,2,8,3,8,7
29,0.5354052390903234,0.828503165,explore,4,1,1,1,2,3,0.5,0.125,0.3333333333333333,0.2222222222222222,0.42857142857142855,2,8,3,9,7
30,0.3054930667858571,0.82366047,explore,2,1,1,1,2,3,0.5,0.1111111111111111,0.3333333333333333,0.2222222222222222,0.42857142857142855,2,9,3,9,7
31,0.619057341478765,0.8188317030000001,explore,2,1,1,1,2,3,0.5,0.1,0.3333333333333333,0.2222222222222222,0.42857142857142855,2,10,3,9,7
32,0.43672396801412106,0.814016864,explore,2,1,1,1,2,3,0.5,0.09090909090909091,0.3333333333333333,0.2222222222222222,0.42857142857142855,2,11,3,9,7
33,0.7934744094964117,0.809215953,explore,2,1,1,1,2,3,0.5,0.08333333333333333,0.3333333333333333,0.2222222222222222,0.42857142857142855,2,12,3,9,7
34,0.5823720709886402,0.80442897,explore,2,1,1,1,2,3,0.5,0.07692307692307693,0.3333333333333333,0.2222222222222222,0.42857142857142855,2,13,3,9,7
35,0.333286922192201,0.799655915,explore,4,1,1,1,2,3,0.5,0.07692307692307693,0.3333333333333333,0.2,0.42857142857142855,2,13,3,10,7
36,0.8400289888959378,0.794896788,EXPLOIT,1,1,1,1,2,3,0.3333333333333333,0.07692307692307693,0.3333333333333333,0.2,0.42857142857142855,3,13,3,10,7
37,0.4648830413352698,0.7901515889999999,explore,4,1,1,1,2,3,0.3333333333333333,0.07692307692307693,0.3333333333333333,0.18181818181818182,0.42857142857142855,3,13,3,11,7
38,0.8933721531648189,0.7854203179999999,EXPLOIT,5,1,1,1,2,3,0.3333333333333333,0.07692307692307693,0.3333333333333333,0.18181818181818182,0.375,3,13,3,11,8
39,0.3115896522067487,0.780702975,explore,1,1,1,1,2,3,0.25,0.07692307692307693,0.3333333333333333,0.18181818181818182,0.375,4,13,3,11,8
40,0.28380753262899816,0.77599956,explore,2,1,2,1,2,3,0.25,0.14285714285714285,0.3333333333333333,0.18181818181818182,0.375,4,14,3,11,8
41,0.1188950426876545,0.7713100729999999,explore,1,1,2,1,2,3,0.2,0.14285714285714285,0.3333333333333333,0.18181818181818182,0.375,5,14,3,11,8
42,0.23384811310097575,0.766634514,explore,2,1,2,1,2,3,0.2,0.13333333333333333,0.3333333333333333,0.18181818181818182,0.375,5,15,3,11,8
43,0.6691231369040906,0.761972883,explore,4,1,2,1,2,3,0.2,0.13333333333333333,0.3333333333333333,0.16666666666666666,0.375,5,15,3,12,8
44,0.7337309224531054,0.7573251799999999,explore,3,1,2,1,2,3,0.2,0.13333333333333333,0.25,0.16666666666666666,0.375,5,15,4,12,8
45,0.6918602888472378,0.752691405,explore,4,1,2,1,2,3,0.2,0.13333333333333333,0.25,0.15384615384615385,0.375,5,15,4,13,8
46,0.29487480875104666,0.7480715579999999,explore,1,1,2,1,2,3,0.16666666666666666,0.13333333333333333,0.25,0.15384615384615385,0.375,6,15,4,13,8
47,0.8189979975577444,0.743465639,EXPLOIT,5,1,2,1,2,4,0.16666666666666666,0.13333333333333333,0.25,0.15384615384615385,0.4444444444444444,6,15,4,13,9
48,0.8378863108810037,0.7388736479999999,EXPLOIT,5,1,2,1,2,5,0.16666666666666666,0.13333333333333333,0.25,0.15384615384615385,0.5,6,15,4,13,10
49,0.039358557434752584,0.734295585,explore,2,1,3,1,2,5,0.16666666666666666,0.1875,0.25,0.15384615384615385,0.5,6,16,4,13,10
50,0.013533433433622122,0.72973145,explore,4,1,3,1,3,5,0.16666666666666666,0.1875,0.25,0.21428571428571427,0.5,6,16,4,14,10
51,0.12726947106420994,0.725181243,explore,3,1,3,1,3,5,0.16666666666666666,0.1875,0.2,0.21428571428571427,0.5,6,16,5,14,10
52,0.9196597053669393,0.7206449639999999,EXPLOIT,5,1,3,1,3,6,0.16666666666666666,0.1875,0.2,0.21428571428571427,0.5454545454545454,6,16,5,14,11
53,0.10166408400982618,0.716122613,explore,3,1,3,1,3,6,0.16666666666666666,0.1875,0.16666666666666666,0.21428571428571427,0.5454545454545454,6,16,6,14,11
54,0.10654768184758723,0.7116141899999999,explore,2,1,4,1,3,6,0.16666666666666666,0.23529411764705882,0.16666666666666666,0.21428571428571427,0.5454545454545454,6,17,6,14,11
55,0.18404692178592086,0.7071196949999999,explore,2,1,5,1,3,6,0.16666666666666666,0.2777777777777778,0.16666666666666666,0.21428571428571427,0.5454545454545454,6,18,6,14,11
56,0.8301344921346754,0.702639128,EXPLOIT,5,1,5,1,3,6,0.16666666666666666,0.2777777777777778,0.16666666666666666,0.21428571428571427,0.5,6,18,6,14,12
57,0.2640015899669379,0.698172489,explore,2,1,5,1,3,6,0.16666666666666666,0.2631578947368421,0.16666666666666666,0.21428571428571427,0.5,6,19,6,14,12
58,0.375240403926,0.6937197780000001,explore,1,1,5,1,3,6,0.14285714285714285,0.2631578947368421,0.16666666666666666,0.21428571428571427,0.5,7,19,6,14,12
59,0.21757566486485302,0.689280995,explore,4,1,5,1,3,6,0.14285714285714285,0.2631578947368421,0.16666666666666666,0.2,0.5,7,19,6,15,12
60,0.5690670453477651,0.6848561400000001,explore,3,1,5,1,3,6,0.14285714285714285,0.2631578947368421,0.14285714285714285,0.2,0.5,7,19,7,15,12
61,0.9598725324030966,0.6804452129999999,EXPLOIT,5,1,5,1,3,6,0.14285714285714285,0.2631578947368421,0.14285714285714285,0.2,0.46153846153846156,7,19,7,15,13
62,0.44243012531660497,0.676048214,explore,1,1,5,1,3,6,0.125,0.2631578947368421,0.14285714285714285,0.2,0.46153846153846156,8,19,7,15,13
63,0.04758716677315533,0.671665143,explore,3,1,5,1,3,6,0.125,0.2631578947368421,0.125,0.2,0.46153846153846156,8,19,8,15,13
64,0.6265760250389576,0.667296,explore,4,1,5,1,3,6,0.125,0.2631578947368421,0.125,0.1875,0.46153846153846156,8,19,8,16,13
65,0.19562478316947818,0.662940785,explore,1,1,5,1,3,6,0.1111111111111111,0.2631578947368421,0.125,0.1875,0.46153846153846156,9,19,8,16,13
66,0.31348881404846907,0.658599498,explore,2,1,6,1,3,6,0.1111111111111111,0.3,0.125,0.1875,0.46153846153846156,9,20,8,16,13
67,0.04472015658393502,0.654272139,explore,3,1,6,2,3,6,0.1111111111111111,0.3,0.2222222222222222,0.1875,0.46153846153846156,9,20,9,16,13
68,0.8649538327008486,0.6499587079999999,EXPLOIT,5,1,6,2,3,6,0.1111111111111111,0.3,0.2222222222222222,0.1875,0.42857142857142855,9,20,9,16,14
69,0.27938465657643974,0.645659205,explore,4,1,6,2,4,6,0.1111111111111111,0.3,0.2222222222222222,0.23529411764705882,0.42857142857142855,9,20,9,17,14
70,0.24928166018798947,0.6413736299999999,explore,3,1,6,2,4,6,0.1111111111111111,0.3,0.2,0.23529411764705882,0.42857142857142855,9,20,10,17,14
71,0.9713235523086041,0.637101983,EXPLOIT,5,1,6,2,4,7,0.1111111111111111,0.3,0.2,0.23529411764705882,0.4666666666666667,9,20,10,17,15
72,0.04402931500226259,0.6328442639999999,explore,4,1,6,2,5,7,0.1111111111111111,0.3,0.2,0.2777777777777778,0.4666666666666667,9,20,10,18,15
73,0.3382602450437844,0.628600473,explore,3,1,6,2,5,7,0.1111111111111111,0.3,0.18181818181818182,0.2777777777777778,0.4666666666666667,9,20,11,18,15
74,0.05195121350698173,0.6243706099999999,explore,3,1,6,2,5,7,0.1111111111111111,0.3,0.16666666666666666,0.2777777777777778,0.4666666666666667,9,20,12,18,15
75,0.904425635933876,0.620154675,EXPLOIT,5,1,6,2,5,7,0.1111111111111111,0.3,0.16666666666666666,0.2777777777777778,0.4375,9,20,12,18,16
76,0.4850646248087287,0.615952668,explore,1,1,6,2,5,7,0.1,0.3,0.16666666666666666,0.2777777777777778,0.4375,10,20,12,18,16
77,0.23564799665473402,0.6117645889999999,explore,3,1,6,2,5,7,0.1,0.3,0.15384615384615385,0.2777777777777778,0.4375,10,20,13,18,16
78,0.8206772876437753,0.607590438,EXPLOIT,5,1,6,2,5,7,0.1,0.3,0.15384615384615385,0.2777777777777778,0.4117647058823529,10,20,13,18,17
79,0.784861282678321,0.6034302149999999,EXPLOIT,5,1,6,2,5,8,0.1,0.3,0.15384615384615385,0.2777777777777778,0.4444444444444444,10,20,13,18,18
80,0.4877526212949306,0.59928392,explore,3,1,6,2,5,8,0.1,0.3,0.14285714285714285,0.2777777777777778,0.4444444444444444,10,20,14,18,18
81,0.3707180854398757,0.595151553,explore,2,1,6,2,5,8,0.1,0.2857142857142857,0.14285714285714285,0.2777777777777778,0.4444444444444444,10,21,14,18,18
82,0.8164292420260608,0.5910331139999999,EXPLOIT,5,1,6,2,5,9,0.1,0.2857142857142857,0.14285714285714285,0.2777777777777778,0.47368421052631576,10,21,14,18,19
83,0.061541711911559105,0.5869286029999999,explore,2,1,7,2,5,9,0.1,0.3181818181818182,0.14285714285714285,0.2777777777777778,0.47368421052631576,10,22,14,18,19
84,0.021798640256747603,0.58283802,explore,4,1,7,2,5,9,0.1,0.3181818181818182,0.14285714285714285,0.2631578947368421,0.47368421052631576,10,22,14,19,19
85,0.2599114873446524,0.5787613650000001,explore,2,1,7,2,5,9,0.1,0.30434782608695654,0.14285714285714285,0.2631578947368421,0.47368421052631576,10,23,14,19,19
86,0.6783954319544137,0.5746986379999999,EXPLOIT,5,1,7,2,5,9,0.1,0.30434782608695654,0.14285714285714285,0.2631578947368421,0.45,10,23,14,19,20
87,0.04445721465162933,0.570649839,explore,3,1,7,2,5,9,0.1,0.30434782608695654,0.13333333333333333,0.2631578947368421,0.45,10,23,15,19,20
88,0.4871800132095814,0.5666149679999999,explore,2,1,7,2,5,9,0.1,0.2916666666666667,0.13333333333333333,0.2631578947368421,0.45,10,24,15,19,20
89,0.8716745995916426,0.562594025,EXPLOIT,5,1,7,2,5,9,0.1,0.2916666666666667,0.13333333333333333,0.2631578947368421,0.42857142857142855,10,24,15,19,21
90,0.1692474081646651,0.55858701,explore,4,1,7,2,5,9,0.1,0.2916666666666667,0.13333333333333333,0.25,0.42857142857142855,10,24,15,20,21
91,0.7528798673301935,0.554593923,EXPLOIT,5,1,7,2,5,9,0.1,0.2916666666666667,0.13333333333333333,0.25,0.4090909090909091,10,24,15,20,22
92,0.360353872878477,0.550614764,explore,4,1,7,2,5,9,0.1,0.2916666666666667,0.13333333333333333,0.23809523809523808,0.4090909090909091,10,24,15,21,22
93,0.8488247478380799,0.546649533,EXPLOIT,5,1,7,2,5,10,0.1,0.2916666666666667,0.13333333333333333,0.23809523809523808,0.43478260869565216,10,24,15,21,23
94,0.20490435510873795,0.54269823,explore,3,1,7,3,5,10,0.1,0.2916666666666667,0.1875,0.23809523809523808,0.43478260869565216,10,24,16,21,23
95,0.474596832646057,0.5387608549999999,explore,2,1,8,3,5,10,0.1,0.32,0.1875,0.23809523809523808,0.43478260869565216,10,25,16,21,23
96,0.7273858150001615,0.5348374079999999,EXPLOIT,5,1,8,3,5,11,0.1,0.32,0.1875,0.23809523809523808,0.4583333333333333,10,25,16,21,24
97,0.044468790059909225,0.530927889,explore,2,1,8,3,5,11,0.1,0.3076923076923077,0.1875,0.23809523809523808,0.4583333333333333,10,26,16,21,24
98,0.5375079524237663,0.527032298,EXPLOIT,5,1,8,3,5,12,0.1,0.3076923076923077,0.1875,0.23809523809523808,0.48,10,26,16,21,25
99,0.9083470476325601,0.5231506349999999,EXPLOIT,5,1,8,3,5,12,0.1,0.3076923076923077,0.1875,0.23809523809523808,0.46153846153846156,10,26,16,21,26
100,0.22034603101201355,0.5192829,explore,4,1,8,3,6,12,0.1,0.3076923076923077,0.1875,0.2727272727272727,0.46153846153846156,10,26,16,22,26
101,0.9632902392186224,0.515429093,EXPLOIT,5,1,8,3,6,13,0.1,0.3076923076923077,0.1875,0.2727272727272727,0.48148148148148145,10,26,16,22,27
102,0.2275468511506915,0.5115892139999999,explore,3,1,8,4,6,13,0.1,0.3076923076923077,0.23529411764705882,0.2727272727272727,0.48148148148148145,10,26,17,22,27
103,0.6174077352043241,0.507763263,EXPLOIT,5,1,8,4,6,13,0.1,0.3076923076923077,0.23529411764705882,0.2727272727272727,0.4642857142857143,10,26,17,22,28
104,0.6590206616092473,0.5039512399999999,EXPLOIT,5,1,8,4,6,13,0.1,0.3076923076923077,0.23529411764705882,0.2727272727272727,0.4482758620689655,10,26,17,22,29
105,0.5399171228054911,0.5001531449999999,EXPLOIT,5,1,8,4,6,14,0.1,0.3076923076923077,0.23529411764705882,0.2727272727272727,0.4666666666666667,10,26,17,22,30
106,0.7222376104909927,0.496368978,EXPLOIT,5,1,8,4,6,15,0.1,0.3076923076923077,0.23529411764705882,0.2727272727272727,0.4838709677419355,10,26,17,22,31
107,0.9457216861192137,0.49259873899999995,EXPLOIT,5,1,8,4,6,16,0.1,0.3076923076923077,0.23529411764705882,0.2727272727272727,0.5,10,26,17,22,32
108,0.7222820629831403,0.488842428,EXPLOIT,5,1,8,4,6,16,0.1,0.3076923076923077,0.23529411764705882,0.2727272727272727,0.48484848484848486,10,26,17,22,33
109,0.2530315548647195,0.4851000449999999,explore,3,1,8,5,6,16,0.1,0.3076923076923077,0.2777777777777778,0.2727272727272727,0.48484848484848486,10,26,18,22,33
110,0.3680911036208272,0.48137158999999996,explore,4,1,8,5,7,16,0.1,0.3076923076923077,0.2777777777777778,0.30434782608695654,0.48484848484848486,10,26,18,23,33
111,0.2461047451943159,0.47765706299999994,explore,3,1,8,5,7,16,0.1,0.3076923076923077,0.2631578947368421,0.30434782608695654,0.48484848484848486,10,26,19,23,33
112,0.5393665251322091,0.4739564639999999,EXPLOIT,5,1,8,5,7,17,0.1,0.3076923076923077,0.2631578947368421,0.30434782608695654,0.5,10,26,19,23,34
113,0.001902259886264801,0.47026979299999994,explore,3,1,8,6,7,17,0.1,0.3076923076923077,0.3,0.30434782608695654,0.5,10,26,20,23,34
114,0.2584013536106795,0.4665970499999999,explore,3,1,8,6,7,17,0.1,0.3076923076923077,0.2857142857142857,0.30434782608695654,0.5,10,26,21,23,34
115,0.04961442667990923,0.462938235,explore,4,1,8,6,8,17,0.1,0.3076923076923077,0.2857142857142857,0.3333333333333333,0.5,10,26,21,24,34
116,0.8530880885664374,0.459293348,EXPLOIT,5,1,8,6,8,17,0.1,0.3076923076923077,0.2857142857142857,0.3333333333333333,0.4857142857142857,10,26,21,24,35
117,0.6019004744011909,0.45566238899999995,EXPLOIT,5,1,8,6,8,17,0.1,0.3076923076923077,0.2857142857142857,0.3333333333333333,0.4722222222222222,10,26,21,24,36
118,0.017461719224229455,0.45204535799999995,explore,4,1,8,6,9,17,0.1,0.3076923076923077,0.2857142857142857,0.36,0.4722222222222222,10,26,21,25,36
119,0.6293305642902851,0.44844225499999996,EXPLOIT,5,1,8,6,9,18,0.1,0.3076923076923077,0.2857142857142857,0.36,0.4864864864864865,10,26,21,25,37
120,0.4195136174093932,0.4448530799999999,explore,4,1,8,6,9,18,0.1,0.3076923076923077,0.2857142857142857,0.34615384615384615,0.4864864864864865,10,26,21,26,37
121,0.6676306831650436,0.4412778329999999,EXPLOIT,5,1,8,6,9,19,0.1,0.3076923076923077,0.2857142857142857,0.34615384615384615,0.5,10,26,21,26,38
122,0.7641036435961723,0.4377165139999999,EXPLOIT,5,1,8,6,9,19,0.1,0.3076923076923077,0.2857142857142857,0.34615384615384615,0.48717948717948717,10,26,21,26,39
123,0.052256084978580475,0.4341691229999999,explore,4,1,8,6,10,19,0.1,0.3076923076923077,0.2857142857142857,0.37037037037037035,0.48717948717948717,10,26,21,27,39
124,0.7386354086920619,0.43063566,EXPLOIT,5,1,8,6,10,19,0.1,0.3076923076923077,0.2857142857142857,0.37037037037037035,0.475,10,26,21,27,40
125,0.7881985432468355,0.42711612499999996,EXPLOIT,5,1,8,6,10,19,0.1,0.3076923076923077,0.2857142857142857,0.37037037037037035,0.4634146341463415,10,26,21,27,41
126,0.7022429713979363,0.42361051799999994,EXPLOIT,5,1,8,6,10,20,0.1,0.3076923076923077,0.2857142857142857,0.37037037037037035,0.47619047619047616,10,26,21,27,42
127,0.8995744613930583,0.42011883899999997,EXPLOIT,5,1,8,6,10,20,0.1,0.3076923076923077,0.2857142857142857,0.37037037037037035,0.46511627906976744,10,26,21,27,43
128,0.6849360999185592,0.41664108799999994,EXPLOIT,5,1,8,6,10,20,0.1,0.3076923076923077,0.2857142857142857,0.37037037037037035,0.45454545454545453,10,26,21,27,44
129,0.9468723542522639,0.4131772649999999,EXPLOIT,5,1,8,6,10,21,0.1,0.3076923076923077,0.2857142857142857,0.37037037037037035,0.4666666666666667,10,26,21,27,45
130,0.4889572493266314,0.4097273699999999,EXPLOIT,5,1,8,6,10,21,0.1,0.3076923076923077,0.2857142857142857,0.37037037037037035,0.45652173913043476,10,26,21,27,46
131,0.9132062566932291,0.4062914029999999,EXPLOIT,5,1,8,6,10,22,0.1,0.3076923076923077,0.2857142857142857,0.37037037037037035,0.46808510638297873,10,26,21,27,47
132,0.17659113043919206,0.4028693639999999,explore,4,1,8,6,10,22,0.1,0.3076923076923077,0.2857142857142857,0.35714285714285715,0.46808510638297873,10,26,21,28,47
133,0.743116669356823,0.399461253,EXPLOIT,5,1,8,6,10,22,0.1,0.3076923076923077,0.2857142857142857,0.35714285714285715,0.4583333333333333,10,26,21,28,48
134,0.11799348192289472,0.39606706999999997,explore,1,1,8,6,10,22,0.09090909090909091,0.3076923076923077,0.2857142857142857,0.35714285714285715,0.4583333333333333,11,26,21,28,48
135,0.693387899082154,0.39268681499999997,EXPLOIT,5,1,8,6,10,23,0.09090909090909091,0.3076923076923077,0.2857142857142857,0.35714285714285715,0.46938775510204084,11,26,21,28,49
136,0.44808641029521823,0.38932048799999996,EXPLOIT,5,1,8,6,10,24,0.09090909090909091,0.3076923076923077,0.2857142857142857,0.35714285714285715,0.48,11,26,21,28,50
137,0.3464603438042104,0.3859680889999999,explore,1,1,8,6,10,24,0.08333333333333333,0.3076923076923077,0.2857142857142857,0.35714285714285715,0.48,12,26,21,28,50
138,0.42833015928044915,0.38262961799999995,EXPLOIT,5,1,8,6,10,25,0.08333333333333333,0.3076923076923077,0.2857142857142857,0.35714285714285715,0.49019607843137253,12,26,21,28,51
139,0.27333850832656026,0.3793050749999999,explore,4,1,8,6,11,25,0.08333333333333333,0.3076923076923077,0.2857142857142857,0.3793103448275862,0.49019607843137253,12,26,21,29,51
140,0.38382880110293627,0.3759944599999999,EXPLOIT,5,1,8,6,11,25,0.08333333333333333,0.3076923076923077,0.2857142857142857,0.3793103448275862,0.4807692307692308,12,26,21,29,52
141,0.5530265283305198,0.3726977729999999,EXPLOIT,5,1,8,6,11,26,0.08333333333333333,0.3076923076923077,0.2857142857142857,0.3793103448275862,0.49056603773584906,12,26,21,29,53
142,0.2781479675322771,0.369415014,explore,2,1,8,6,11,26,0.08333333333333333,0.2962962962962963,0.2857142857142857,0.3793103448275862,0.49056603773584906,12,27,21,29,53
143,0.8090970192570239,0.36614618299999996,EXPLOIT,5,1,8,6,11,26,0.08333333333333333,0.2962962962962963,0.2857142857142857,0.3793103448275862,0.48148148148148145,12,27,21,29,54
144,0.8369799852371216,0.3628912799999999,EXPLOIT,5,1,8,6,11,27,0.08333333333333333,0.2962962962962963,0.2857142857142857,0.3793103448275862,0.4909090909090909,12,27,21,29,55
145,0.690904155606404,0.35965030499999995,EXPLOIT,5,1,8,6,11,27,0.08333333333333333,0.2962962962962963,0.2857142857142857,0.3793103448275862,0.48214285714285715,12,27,21,29,56
146,0.5929825338535011,0.35642325799999997,EXPLOIT,5,1,8,6,11,27,0.08333333333333333,0.2962962962962963,0.2857142857142857,0.3793103448275862,0.47368421052631576,12,27,21,29,57
147,0.4304292523302138,0.3532101389999999,EXPLOIT,5,1,8,6,11,27,0.08333333333333333,0.2962962962962963,0.2857142857142857,0.3793103448275862,0.46551724137931033,12,27,21,29,58
148,0.4233690048567951,0.3500109479999999,EXPLOIT,5,1,8,6,11,28,0.08333333333333333,0.2962962962962963,0.2857142857142857,0.3793103448275862,0.4745762711864407,12,27,21,29,59
149,0.5533146802335978,0.3468256849999999,EXPLOIT,5,1,8,6,11,29,0.08333333333333333,0.2962962962962963,0.2857142857142857,0.3793103448275862,0.48333333333333334,12,27,21,29,60
150,0.613535541575402,0.3436543499999999,EXPLOIT,5,1,8,6,11,29,0.08333333333333333,0.2962962962962963,0.2857142857142857,0.3793103448275862,0.47540983606557374,12,27,21,29,61
151,0.9728150374721736,0.340496943,EXPLOIT,5,1,8,6,11,30,0.08333333333333333,0.2962962962962963,0.2857142857142857,0.3793103448275862,0.4838709677419355,12,27,21,29,62
152,0.6803993382491171,0.337353464,EXPLOIT,5,1,8,6,11,31,0.08333333333333333,0.2962962962962963,0.2857142857142857,0.3793103448275862,0.49206349206349204,12,27,21,29,63
153,0.8750438112765551,0.334223913,EXPLOIT,5,1,8,6,11,31,0.08333333333333333,0.2962962962962963,0.2857142857142857,0.3793103448275862,0.484375,12,27,21,29,64
154,0.8162031916435808,0.33110828999999997,EXPLOIT,5,1,8,6,11,31,0.08333333333333333,0.2962962962962963,0.2857142857142857,0.3793103448275862,0.47692307692307695,12,27,21,29,65
155,0.9792656472418457,0.32800659499999996,EXPLOIT,5,1,8,6,11,31,0.08333333333333333,0.2962962962962963,0.2857142857142857,0.3793103448275862,0.4696969696969697,12,27,21,29,66
156,0.12833657348528504,0.32491882799999994,explore,1,1,8,6,11,31,0.07692307692307693,0.2962962962962963,0.2857142857142857,0.3793103448275862,0.4696969696969697,13,27,21,29,66
157,0.1238509735558182,0.3218449889999999,explore,2,1,8,6,11,31,0.07692307692307693,0.2857142857142857,0.2857142857142857,0.3793103448275862,0.4696969696969697,13,28,21,29,66
158,0.2993205478414893,0.3187850779999999,explore,2,1,8,6,11,31,0.07692307692307693,0.27586206896551724,0.2857142857142857,0.3793103448275862,0.4696969696969697,13,29,21,29,66
159,0.31875851517543197,0.31573909499999986,EXPLOIT,5,1,8,6,11,32,0.07692307692307693,0.27586206896551724,0.2857142857142857,0.3793103448275862,0.47761194029850745,13,29,21,29,67
160,0.5310958223417401,0.31270704,EXPLOIT,5,1,8,6,11,32,0.07692307692307693,0.27586206896551724,0.2857142857142857,0.3793103448275862,0.47058823529411764,13,29,21,29,68
161,0.7371949625667185,0.309688913,EXPLOIT,5,1,8,6,11,33,0.07692307692307693,0.27586206896551724,0.2857142857142857,0.3793103448275862,0.4782608695652174,13,29,21,29,69
162,0.7182685888838023,0.30668471399999997,EXPLOIT,5,1,8,6,11,34,0.07692307692307693,0.27586206896551724,0.2857142857142857,0.3793103448275862,0.4857142857142857,13,29,21,29,70
163,0.7862716333474964,0.3036944429999999,EXPLOIT,5,1,8,6,11,35,0.07692307692307693,0.27586206896551724,0.2857142857142857,0.3793103448275862,0.49295774647887325,13,29,21,29,71
164,0.558004452381283,0.30071809999999993,EXPLOIT,5,1,8,6,11,35,0.07692307692307693,0.27586206896551724,0.2857142857142857,0.3793103448275862,0.4861111111111111,13,29,21,29,72
165,0.9661035765893757,0.29775568499999994,EXPLOIT,5,1,8,6,11,36,0.07692307692307693,0.27586206896551724,0.2857142857142857,0.3793103448275862,0.4931506849315068,13,29,21,29,73
166,0.1216936947312206,0.2948071979999999,explore,2,1,8,6,11,36,0.07692307692307693,0.26666666666666666,0.2857142857142857,0.3793103448275862,0.4931506849315068,13,30,21,29,73
167,0.016925627598538995,0.29187263899999993,explore,3,1,8,7,11,36,0.07692307692307693,0.26666666666666666,0.3181818181818182,0.3793103448275862,0.4931506849315068,13,30,22,29,73
168,0.0704712609294802,0.28895200799999987,explore,3,1,8,8,11,36,0.07692307692307693,0.26666666666666666,0.34782608695652173,0.3793103448275862,0.4931506849315068,13,30,23,29,73
169,0.7734239874407649,0.28604530499999986,EXPLOIT,5,1,8,8,11,37,0.07692307692307693,0.26666666666666666,0.34782608695652173,0.3793103448275862,0.5,13,30,23,29,74
170,0.4600051366724074,0.28315252999999996,EXPLOIT,5,1,8,8,11,37,0.07692307692307693,0.26666666666666666,0.34782608695652173,0.3793103448275862,0.49333333333333335,13,30,23,29,75
171,0.8802142096683383,0.280273683,EXPLOIT,5,1,8,8,11,37,0.07692307692307693,0.26666666666666666,0.34782608695652173,0.3793103448275862,0.4868421052631579,13,30,23,29,76
172,0.35567117761820555,0.2774087639999999,EXPLOIT,5,1,8,8,11,38,0.07692307692307693,0.26666666666666666,0.34782608695652173,0.3793103448275862,0.4935064935064935,13,30,23,29,77
173,0.8253862024284899,0.27455777299999995,EXPLOIT,5,1,8,8,11,39,0.07692307692307693,0.26666666666666666,0.34782608695652173,0.3793103448275862,0.5,13,30,23,29,78
174,0.12511343252845109,0.2717207099999999,explore,4,1,8,8,12,39,0.07692307692307693,0.26666666666666666,0.34782608695652173,0.4,0.5,13,30,23,30,78
175,0.9784583719447255,0.2688975749999999,EXPLOIT,5,1,8,8,12,40,0.07692307692307693,0.26666666666666666,0.34782608695652173,0.4,0.5063291139240507,13,30,23,30,79
176,0.5198384595569223,0.2660883679999999,EXPLOIT,5,1,8,8,12,40,0.07692307692307693,0.26666666666666666,0.34782608695652173,0.4,0.5,13,30,23,30,80
177,0.8400580114684999,0.26329308899999987,EXPLOIT,5,1,8,8,12,41,0.07692307692307693,0.26666666666666666,0.34782608695652173,0.4,0.5061728395061729,13,30,23,30,81
178,0.12949605658650398,0.2605117379999998,explore,4,1,8,8,12,41,0.07692307692307693,0.26666666666666666,0.34782608695652173,0.3870967741935484,0.5061728395061729,13,30,23,31,81
179,0.2892064657062292,0.25774431499999995,EXPLOIT,5,1,8,8,12,41,0.07692307692307693,0.26666666666666666,0.34782608695652173,0.3870967741935484,0.5,13,30,23,31,82
180,0.31981156533584,0.25499081999999995,EXPLOIT,5,1,8,8,12,42,0.07692307692307693,0.26666666666666666,0.34782608695652173,0.3870967741935484,0.5060240963855421,13,30,23,31,83
181,0.4504476508591324,0.25225125299999995,EXPLOIT,5,1,8,8,12,42,0.07692307692307693,0.26666666666666666,0.34782608695652173,0.3870967741935484,0.5,13,30,23,31,84
182,0.9974115481600165,0.24952561399999992,EXPLOIT,5,1,8,8,12,43,0.07692307692307693,0.26666666666666666,0.34782608695652173,0.3870967741935484,0.5058823529411764,13,30,23,31,85
183,0.1172017774078995,0.24681390299999992,explore,4,1,8,8,12,43,0.07692307692307693,0.26666666666666666,0.34782608695652173,0.375,0.5058823529411764,13,30,23,32,85
184,0.2649330261629075,0.2441161199999999,EXPLOIT,5,1,8,8,12,44,0.07692307692307693,0.26666666666666666,0.34782608695652173,0.375,0.5116279069767442,13,30,23,32,86
185,0.8167692832648754,0.2414322649999999,EXPLOIT,5,1,8,8,12,44,0.07692307692307693,0.26666666666666666,0.34782608695652173,0.375,0.5057471264367817,13,30,23,32,87
186,0.788092871196568,0.23876233799999988,EXPLOIT,5,1,8,8,12,45,0.07692307692307693,0.26666666666666666,0.34782608695652173,0.375,0.5113636363636364,13,30,23,32,88
187,0.9164388906210661,0.23610633899999986,EXPLOIT,5,1,8,8,12,45,0.07692307692307693,0.26666666666666666,0.34782608695652173,0.375,0.5056179775280899,13,30,23,32,89
188,0.2607394037768245,0.23346426799999997,EXPLOIT,5,1,8,8,12,46,0.07692307692307693,0.26666666666666666,0.34782608695652173,0.375,0.5111111111111111,13,30,23,32,90
189,0.14764246018603444,0.23083612499999995,explore,2,1,9,8,12,46,0.07692307692307693,0.2903225806451613,0.34782608695652173,0.375,0.5111111111111111,13,31,23,32,90
190,0.062419077614322305,0.22822190999999992,explore,4,1,9,8,12,46,0.07692307692307693,0.2903225806451613,0.34782608695652173,0.36363636363636365,0.5111111111111111,13,31,23,33,90
191,0.6834562832955271,0.22562162299999994,EXPLOIT,5,1,9,8,12,47,0.07692307692307693,0.2903225806451613,0.34782608695652173,0.36363636363636365,0.5164835164835165,13,31,23,33,91
192,0.4528941633179784,0.2230352639999998,EXPLOIT,5,1,9,8,12,48,0.07692307692307693,0.2903225806451613,0.34782608695652173,0.36363636363636365,0.5217391304347826,13,31,23,33,92
193,0.6864124422427267,0.2204628329999999,EXPLOIT,5,1,9,8,12,48,0.07692307692307693,0.2903225806451613,0.34782608695652173,0.36363636363636365,0.5161290322580645,13,31,23,33,93
194,0.9684440833516419,0.21790432999999998,EXPLOIT,5,1,9,8,12,49,0.07692307692307693,0.2903225806451613,0.34782608695652173,0.36363636363636365,0.5212765957446809,13,31,23,33,94
195,0.3071913979947567,0.21535975499999988,EXPLOIT,5,1,9,8,12,49,0.07692307692307693,0.2903225806451613,0.34782608695652173,0.36363636363636365,0.5157894736842106,13,31,23,33,95
196,0.8168379506096244,0.212829108,EXPLOIT,5,1,9,8,12,50,0.07692307692307693,0.2903225806451613,0.34782608695652173,0.36363636363636365,0.5208333333333334,13,31,23,33,96
197,0.9018022904638201,0.21031238899999988,EXPLOIT,5,1,9,8,12,51,0.07692307692307693,0.2903225806451613,0.34782608695652173,0.36363636363636365,0.5257731958762887,13,31,23,33,97
198,0.7172308405861259,0.20780959799999993,EXPLOIT,5,1,9,8,12,52,0.07692307692307693,0.2903225806451613,0.34782608695652173,0.36363636363636365,0.5306122448979592,13,31,23,33,98
199,0.5796026459429413,0.2053207349999998,EXPLOIT,5,1,9,8,12,52,0.07692307692307693,0.2903225806451613,0.34782608695652173,0.36363636363636365,0.5252525252525253,13,31,23,33,99
200,0.12603233102709055,0.2028457999999999,explore,3,1,9,9,12,52,0.07692307692307693,0.2903225806451613,0.375,0.36363636363636365,0.5252525252525253,13,31,24,33,99
201,0.6805201368406415,0.20038479299999978,EXPLOIT,5,1,9,9,12,53,0.07692307692307693,0.2903225806451613,0.375,0.36363636363636365,0.53,13,31,24,33,100
202,0.21371217840351164,0.19793771399999988,EXPLOIT,5,1,9,9,12,54,0.07692307692307693,0.2903225806451613,0.375,0.36363636363636365,0.5346534653465347,13,31,24,33,101
203,0.11518665379844606,0.19550456300000002,explore,4,1,9,9,12,54,0.07692307692307693,0.2903225806451613,0.375,0.35294117647058826,0.5346534653465347,13,31,24,34,101
204,0.40760015649721026,0.19308533999999988,EXPLOIT,5,1,9,9,12,55,0.07692307692307693,0.2903225806451613,0.375,0.35294117647058826,0.5392156862745098,13,31,24,34,102
205,0.826014383463189,0.19068004499999996,EXPLOIT,5,1,9,9,12,55,0.07692307692307693,0.2903225806451613,0.375,0.35294117647058826,0.5339805825242718,13,31,24,34,103
206,0.2130751556251198,0.18828867799999988,EXPLOIT,5,1,9,9,12,56,0.07692307692307693,0.2903225806451613,0.375,0.35294117647058826,0.5384615384615384,13,31,24,34,104
207,0.3587416603695601,0.18591123899999995,EXPLOIT,5,1,9,9,12,56,0.07692307692307693,0.2903225806451613,0.375,0.35294117647058826,0.5333333333333333,13,31,24,34,105
208,0.48582314886152744,0.1835477279999998,EXPLOIT,5,1,9,9,12,56,0.07692307692307693,0.2903225806451613,0.375,0.35294117647058826,0.5283018867924528,13,31,24,34,106
209,0.2195230503566563,0.18119814499999992,EXPLOIT,5,1,9,9,12,57,0.07692307692307693,0.2903225806451613,0.375,0.35294117647058826,0.5327102803738317,13,31,24,34,107
210,0.8089337316341698,0.17886248999999982,EXPLOIT,5,1,9,9,12,58,0.07692307692307693,0.2903225806451613,0.375,0.35294117647058826,0.5370370370370371,13,31,24,34,108
211,0.9716688091866672,0.17654076299999988,EXPLOIT,5,1,9,9,12,58,0.07692307692307693,0.2903225806451613,0.375,0.35294117647058826,0.5321100917431193,13,31,24,34,109
212,0.3782479811925441,0.174232964,EXPLOIT,5,1,9,9,12,58,0.07692307692307693,0.2903225806451613,0.375,0.35294117647058826,0.5272727272727272,13,31,24,34,110
213,0.40514946822077036,0.17193909299999988,EXPLOIT,5,1,9,9,12,59,0.07692307692307693,0.2903225806451613,0.375,0.35294117647058826,0.5315315315315315,13,31,24,34,111
214,0.33506837021559477,0.16965914999999998,EXPLOIT,5,1,9,9,12,59,0.07692307692307693,0.2903225806451613,0.375,0.35294117647058826,0.5267857142857143,13,31,24,34,112
215,0.4429011004976928,0.16739313499999986,EXPLOIT,5,1,9,9,12,60,0.07692307692307693,0.2903225806451613,0.375,0.35294117647058826,0.5309734513274337,13,31,24,34,113
216,0.5806967962998897,0.16514104799999996,EXPLOIT,5,1,9,9,12,60,0.07692307692307693,0.2903225806451613,0.375,0.35294117647058826,0.5263157894736842,13,31,24,34,114
217,0.8905883622355759,0.16290288899999983,EXPLOIT,5,1,9,9,12,60,0.07692307692307693,0.2903225806451613,0.375,0.35294117647058826,0.5217391304347826,13,31,24,34,115
218,0.04678278276696801,0.16067865799999992,explore,3,1,9,9,12,60,0.07692307692307693,0.2903225806451613,0.36,0.35294117647058826,0.5217391304347826,13,31,25,34,115
219,0.7415035383310169,0.15846835499999978,EXPLOIT,5,1,9,9,12,61,0.07692307692307693,0.2903225806451613,0.36,0.35294117647058826,0.5258620689655172,13,31,25,34,116
220,0.6281718243844807,0.15627197999999992,EXPLOIT,5,1,9,9,12,61,0.07692307692307693,0.2903225806451613,0.36,0.35294117647058826,0.5213675213675214,13,31,25,34,117
221,0.9245668316725641,0.154089533,EXPLOIT,5,1,9,9,12,62,0.07692307692307693,0.2903225806451613,0.36,0.35294117647058826,0.5254237288135594,13,31,25,34,118
222,0.4155707194004208,0.15192101399999985,EXPLOIT,5,1,9,9,12,62,0.07692307692307693,0.2903225806451613,0.36,0.35294117647058826,0.5210084033613446,13,31,25,34,119
223,0.9294716890435666,0.14976642299999998,EXPLOIT,5,1,9,9,12,63,0.07692307692307693,0.2903225806451613,0.36,0.35294117647058826,0.525,13,31,25,34,120
224,0.4454120718874037,0.14762575999999983,EXPLOIT,5,1,9,9,12,63,0.07692307692307693,0.2903225806451613,0.36,0.35294117647058826,0.5206611570247934,13,31,25,34,121
225,0.49462389084510505,0.14549902499999995,EXPLOIT,5,1,9,9,12,63,0.07692307692307693,0.2903225806451613,0.36,0.35294117647058826,0.5163934426229508,13,31,25,34,122
226,0.2881858248729259,0.14338621799999984,EXPLOIT,5,1,9,9,12,64,0.07692307692307693,0.2903225806451613,0.36,0.35294117647058826,0.5203252032520326,13,31,25,34,123
227,0.40674286847934127,0.1412873389999999,EXPLOIT,5,1,9,9,12,64,0.07692307692307693,0.2903225806451613,0.36,0.35294117647058826,0.5161290322580645,13,31,25,34,124
228,0.3515345270279795,0.1392023879999998,EXPLOIT,5,1,9,9,12,64,0.07692307692307693,0.2903225806451613,0.36,0.35294117647058826,0.512,13,31,25,34,125
229,0.23563569877296686,0.1371313649999999,EXPLOIT,5,1,9,9,12,64,0.07692307692307693,0.2903225806451613,0.36,0.35294117647058826,0.5079365079365079,13,31,25,34,126
230,0.04473172826692462,0.13507427,explore,3,1,9,10,12,64,0.07692307692307693,0.2903225806451613,0.38461538461538464,0.35294117647058826,0.5079365079365079,13,31,26,34,126
231,0.19227230316028,0.13303110299999987,EXPLOIT,5,1,9,10,12,65,0.07692307692307693,0.2903225806451613,0.38461538461538464,0.35294117647058826,0.5118110236220472,13,31,26,34,127
232,0.2612170570064336,0.13100186399999997,EXPLOIT,5,1,9,10,12,65,0.07692307692307693,0.2903225806451613,0.38461538461538464,0.35294117647058826,0.5078125,13,31,26,34,128
233,0.7803856926038861,0.12898655299999984,EXPLOIT,5,1,9,10,12,66,0.07692307692307693,0.2903225806451613,0.38461538461538464,0.35294117647058826,0.5116279069767442,13,31,26,34,129
234,0.8466712983790785,0.12698516999999993,EXPLOIT,5,1,9,10,12,67,0.07692307692307693,0.2903225806451613,0.38461538461538464,0.35294117647058826,0.5153846153846153,13,31,26,34,130
235,0.6298278090544045,0.12499771499999984,EXPLOIT,5,1,9,10,12,68,0.07692307692307693,0.2903225806451613,0.38461538461538464,0.35294117647058826,0.5190839694656488,13,31,26,34,131
236,0.0913931792601943,0.12302418799999992,explore,2,1,9,10,12,68,0.07692307692307693,0.28125,0.38461538461538464,0.35294117647058826,0.5190839694656488,13,32,26,34,131
237,0.23062722175382078,0.12106458899999978,EXPLOIT,5,1,9,10,12,68,0.07692307692307693,0.28125,0.38461538461538464,0.35294117647058826,0.5151515151515151,13,32,26,34,132
238,0.14948359341360629,0.11911891799999991,EXPLOIT,5,1,9,10,12,69,0.07692307692307693,0.28125,0.38461538461538464,0.35294117647058826,0.518796992481203,13,32,26,34,133
239,0.9214152034837753,0.11718717499999998,EXPLOIT,5,1,9,10,12,69,0.07692307692307693,0.28125,0.38461538461538464,0.35294117647058826,0.5149253731343284,13,32,26,34,134
240,0.5972361289896071,0.11526935999999988,EXPLOIT,5,1,9,10,12,70,0.07692307692307693,0.28125,0.38461538461538464,0.35294117647058826,0.5185185185185185,13,32,26,34,135
241,0.5241493952926248,0.11336547299999994,EXPLOIT,5,1,9,10,12,70,0.07692307692307693,0.28125,0.38461538461538464,0.35294117647058826,0.5147058823529411,13,32,26,34,136
242,0.5941406975034624,0.11147551399999983,EXPLOIT,5,1,9,10,12,71,0.07692307692307693,0.28125,0.38461538461538464,0.35294117647058826,0.5182481751824818,13,32,26,34,137
243,0.4050847601611167,0.10959948299999994,EXPLOIT,5,1,9,10,12,72,0.07692307692307693,0.28125,0.38461538461538464,0.35294117647058826,0.5217391304347826,13,32,26,34,138
244,0.32404802390374243,0.10773737999999983,EXPLOIT,5,1,9,10,12,72,0.07692307692307693,0.28125,0.38461538461538464,0.35294117647058826,0.5179856115107914,13,32,26,34,139
245,0.2205461801495403,0.10588920499999993,EXPLOIT,5,1,9,10,12,72,0.07692307692307693,0.28125,0.38461538461538464,0.35294117647058826,0.5142857142857142,13,32,26,34,140
246,0.2508120120037347,0.10405495799999981,EXPLOIT,5,1,9,10,12,73,0.07692307692307693,0.28125,0.38461538461538464,0.35294117647058826,0.5177304964539007,13,32,26,34,141
247,0.1529856058768928,0.1022346389999999,EXPLOIT,5,1,9,10,12,74,0.07692307692307693,0.28125,0.38461538461538464,0.35294117647058826,0.5211267605633803,13,32,26,34,142
248,0.6963824848644435,0.100428248,EXPLOIT,5,1,9,10,12,74,0.07692307692307693,0.28125,0.38461538461538464,0.35294117647058826,0.5174825174825175,13,32,26,34,143
249,0.7910688978154212,0.09863578499999986,EXPLOIT,5,1,9,10,12,74,0.07692307692307693,0.28125,0.38461538461538464,0.35294117647058826,0.5138888888888888,13,32,26,34,144
250,0.9851385254878551,0.09685724999999995,EXPLOIT,5,1,9,10,12,75,0.07692307692307693,0.28125,0.38461538461538464,0.35294117647058826,0.5172413793103449,13,32,26,34,145
251,0.6986656577792019,0.09509264299999987,EXPLOIT,5,1,9,10,12,76,0.07692307692307693,0.28125,0.38461538461538464,0.35294117647058826,0.5205479452054794,13,32,26,34,146
252,0.05288443132303655,0.09334196399999994,explore,1,1,9,10,12,76,0.07142857142857142,0.28125,0.38461538461538464,0.35294117647058826,0.5205479452054794,14,32,26,34,146
253,0.07021785457618535,0.0916052129999998,explore,1,1,9,10,12,76,0.06666666666666667,0.28125,0.38461538461538464,0.35294117647058826,0.5205479452054794,15,32,26,34,146
254,0.8356008173432201,0.08988238999999992,EXPLOIT,5,1,9,10,12,77,0.06666666666666667,0.28125,0.38461538461538464,0.35294117647058826,0.5238095238095238,15,32,26,34,147
255,0.9432094288058579,0.08817349499999977,EXPLOIT,5,1,9,10,12,77,0.06666666666666667,0.28125,0.38461538461538464,0.35294117647058826,0.5202702702702703,15,32,26,34,148
256,0.05997741618193686,0.08647852799999989,explore,3,1,9,10,12,77,0.06666666666666667,0.28125,0.37037037037037035,0.35294117647058826,0.5202702702702703,15,32,27,34,148
257,0.20878986455500126,0.084797489,EXPLOIT,5,1,9,10,12,78,0.06666666666666667,0.28125,0.37037037037037035,0.35294117647058826,0.5234899328859061,15,32,27,34,149
258,0.3579682351555675,0.08313037799999984,EXPLOIT,5,1,9,10,12,79,0.06666666666666667,0.28125,0.37037037037037035,0.35294117647058826,0.5266666666666666,15,32,27,34,150
259,0.2600229049567133,0.08147719499999995,EXPLOIT,5,1,9,10,12,80,0.06666666666666667,0.28125,0.37037037037037035,0.35294117647058826,0.5298013245033113,15,32,27,34,151
260,0.8835372384637594,0.07983793999999983,EXPLOIT,5,1,9,10,12,81,0.06666666666666667,0.28125,0.37037037037037035,0.35294117647058826,0.5328947368421053,15,32,27,34,152
261,0.9055613870732486,0.07821261299999993,EXPLOIT,5,1,9,10,12,81,0.06666666666666667,0.28125,0.37037037037037035,0.35294117647058826,0.5294117647058824,15,32,27,34,153
262,0.8454136971849948,0.0766012139999998,EXPLOIT,5,1,9,10,12,82,0.06666666666666667,0.28125,0.37037037037037035,0.35294117647058826,0.5324675324675324,15,32,27,34,154
263,0.6477232752367854,0.0750037429999999,EXPLOIT,5,1,9,10,12,82,0.06666666666666667,0.28125,0.37037037037037035,0.35294117647058826,0.5290322580645161,15,32,27,34,155
264,0.6915995487943292,0.07342019999999977,EXPLOIT,5,1,9,10,12,82,0.06666666666666667,0.28125,0.37037037037037035,0.35294117647058826,0.5256410256410257,15,32,27,34,156
265,0.4515424338169396,0.07185058499999991,EXPLOIT,5,1,9,10,12,82,0.06666666666666667,0.28125,0.37037037037037035,0.35294117647058826,0.5222929936305732,15,32,27,34,157
266,0.6586506750900298,0.070294898,EXPLOIT,5,1,9,10,12,82,0.06666666666666667,0.28125,0.37037037037037035,0.35294117647058826,0.5189873417721519,15,32,27,34,158
267,0.2058906659949571,0.06875313899999985,EXPLOIT,5,1,9,10,12,83,0.06666666666666667,0.28125,0.37037037037037035,0.35294117647058826,0.5220125786163522,15,32,27,34,159
268,0.20555855357088149,0.06722530799999993,EXPLOIT,5,1,9,10,12,83,0.06666666666666667,0.28125,0.37037037037037035,0.35294117647058826,0.51875,15,32,27,34,160
269,0.7473952155560255,0.06571140499999983,EXPLOIT,5,1,9,10,12,83,0.06666666666666667,0.28125,0.37037037037037035,0.35294117647058826,0.515527950310559,15,32,27,34,161
270,0.1586289699189365,0.06421142999999996,EXPLOIT,5,1,9,10,12,84,0.06666666666666667,0.28125,0.37037037037037035,0.35294117647058826,0.5185185185185185,15,32,27,34,162
271,0.6905430776532739,0.06272538299999986,EXPLOIT,5,1,9,10,12,85,0.06666666666666667,0.28125,0.37037037037037035,0.35294117647058826,0.5214723926380368,15,32,27,34,163
272,0.1945083737373352,0.06125326399999986,EXPLOIT,5,1,9,10,12,85,0.06666666666666667,0.28125,0.37037037037037035,0.35294117647058826,0.5182926829268293,15,32,27,34,164
273,0.11120601114816964,0.059795072999999754,EXPLOIT,5,1,9,10,12,85,0.06666666666666667,0.28125,0.37037037037037035,0.35294117647058826,0.5151515151515151,15,32,27,34,165
274,0.5723225465044379,0.058350809999999864,EXPLOIT,5,1,9,10,12,86,0.06666666666666667,0.28125,0.37037037037037035,0.35294117647058826,0.5180722891566265,15,32,27,34,166
275,0.7620601975359023,0.05692047499999997,EXPLOIT,5,1,9,10,12,86,0.06666666666666667,0.28125,0.37037037037037035,0.35294117647058826,0.5149700598802395,15,32,27,34,167
276,0.9437220022082329,0.05550406799999985,EXPLOIT,5,1,9,10,12,87,0.06666666666666667,0.28125,0.37037037037037035,0.35294117647058826,0.5178571428571429,15,32,27,34,168
277,0.6914644904900342,0.05410158899999995,EXPLOIT,5,1,9,10,12,88,0.06666666666666667,0.28125,0.37037037037037035,0.35294117647058826,0.5207100591715976,15,32,27,34,169
278,0.5085080482531339,0.05271303799999982,EXPLOIT,5,1,9,10,12,89,0.06666666666666667,0.28125,0.37037037037037035,0.35294117647058826,0.5235294117647059,15,32,27,34,170
279,0.14131723064929247,0.051338414999999915,EXPLOIT,5,1,9,10,12,89,0.06666666666666667,0.28125,0.37037037037037035,0.35294117647058826,0.52046783625731,15,32,27,34,171
280,0.44774709991179407,0.04997771999999978,EXPLOIT,5,1,9,10,12,90,0.06666666666666667,0.28125,0.37037037037037035,0.35294117647058826,0.5232558139534884,15,32,27,34,172
281,0.5264794125687331,0.048630952999999866,EXPLOIT,5,1,9,10,12,91,0.06666666666666667,0.28125,0.37037037037037035,0.35294117647058826,0.5260115606936416,15,32,27,34,173
282,0.19535199902020395,0.047298113999999836,EXPLOIT,5,1,9,10,12,91,0.06666666666666667,0.28125,0.37037037037037035,0.35294117647058826,0.5229885057471264,15,32,27,34,174
283,0.918704187264666,0.04597920299999991,EXPLOIT,5,1,9,10,12,91,0.06666666666666667,0.28125,0.37037037037037035,0.35294117647058826,0.52,15,32,27,34,175
284,0.6727130452636629,0.04467421999999999,EXPLOIT,5,1,9,10,12,91,0.06666666666666667,0.28125,0.37037037037037035,0.35294117647058826,0.5170454545454546,15,32,27,34,176
285,0.5560186926741153,0.043383164999999835,EXPLOIT,5,1,9,10,12,92,0.06666666666666667,0.28125,0.37037037037037035,0.35294117647058826,0.519774011299435,15,32,27,34,177
286,0.8043710209894925,0.0421060379999999,EXPLOIT,5,1,9,10,12,93,0.06666666666666667,0.28125,0.37037037037037035,0.35294117647058826,0.5224719101123596,15,32,27,34,178
287,0.11789207649417222,0.04084283899999985,EXPLOIT,5,1,9,10,12,94,0.06666666666666667,0.28125,0.37037037037037035,0.35294117647058826,0.5251396648044693,15,32,27,34,179
288,0.5401440046261996,0.03959356799999991,EXPLOIT,5,1,9,10,12,95,0.06666666666666667,0.28125,0.37037037037037035,0.35294117647058826,0.5277777777777778,15,32,27,34,180
289,0.20016963290981948,0.03835822499999986,EXPLOIT,5,1,9,10,12,95,0.06666666666666667,0.28125,0.37037037037037035,0.35294117647058826,0.5248618784530387,15,32,27,34,181
290,0.5096092608291656,0.03713680999999991,EXPLOIT,5,1,9,10,12,96,0.06666666666666667,0.28125,0.37037037037037035,0.35294117647058826,0.5274725274725275,15,32,27,34,182
291,0.05804259097203612,0.035929322999999735,EXPLOIT,5,1,9,10,12,97,0.06666666666666667,0.28125,0.37037037037037035,0.35294117647058826,0.5300546448087432,15,32,27,34,183
292,0.5178795456886292,0.03473576399999989,EXPLOIT,5,1,9,10,12,97,0.06666666666666667,0.28125,0.37037037037037035,0.35294117647058826,0.5271739130434783,15,32,27,34,184
293,0.6970335207879543,0.03355613299999993,EXPLOIT,5,1,9,10,12,97,0.06666666666666667,0.28125,0.37037037037037035,0.35294117647058826,0.5243243243243243,15,32,27,34,185
294,0.7698598962742835,0.03239042999999986,EXPLOIT,5,1,9,10,12,97,0.06666666666666667,0.28125,0.37037037037037035,0.35294117647058826,0.521505376344086,15,32,27,34,186
295,0.23960007214918733,0.031238655000000004,EXPLOIT,5,1,9,10,12,97,0.06666666666666667,0.28125,0.37037037037037035,0.35294117647058826,0.5187165775401069,15,32,27,34,187
296,0.8430628285277635,0.030100807999999812,EXPLOIT,5,1,9,10,12,98,0.06666666666666667,0.28125,0.37037037037037035,0.35294117647058826,0.5212765957446809,15,32,27,34,188
297,0.195925964275375,0.02897688899999995,EXPLOIT,5,1,9,10,12,98,0.06666666666666667,0.28125,0.37037037037037035,0.35294117647058826,0.5185185185185185,15,32,27,34,189
298,0.7679840316995978,0.02786689799999975,EXPLOIT,5,1,9,10,12,98,0.06666666666666667,0.28125,0.37037037037037035,0.35294117647058826,0.5157894736842106,15,32,27,34,190
299,0.21105810161679983,0.026770834999999882,EXPLOIT,5,1,9,10,12,98,0.06666666666666667,0.28125,0.37037037037037035,0.35294117647058826,0.5130890052356021,15,32,27,34,191
300,0.9867042684927583,0.025688699999999787,EXPLOIT,5,1,9,10,12,98,0.06666666666666667,0.28125,0.37037037037037035,0.35294117647058826,0.5104166666666666,15,32,27,34,192
301,0.48793805157765746,0.02462049299999991,EXPLOIT,5,1,9,10,12,99,0.06666666666666667,0.28125,0.37037037037037035,0.35294117647058826,0.5129533678756477,15,32,27,34,193
302,0.018790387082844973,0.02356621400000003,explore,2,1,9,10,12,99,0.06666666666666667,0.2727272727272727,0.37037037037037035,0.35294117647058826,0.5129533678756477,15,33,27,34,193
303,0.6656719993334264,0.022525862999999813,EXPLOIT,5,1,9,10,12,100,0.06666666666666667,0.2727272727272727,0.37037037037037035,0.35294117647058826,0.5154639175257731,15,33,27,34,194
304,0.7785565827507526,0.021499439999999925,EXPLOIT,5,1,9,10,12,101,0.06666666666666667,0.2727272727272727,0.37037037037037035,0.35294117647058826,0.517948717948718,15,33,27,34,195
305,0.8590943161398172,0.020486944999999812,EXPLOIT,5,1,9,10,12,102,0.06666666666666667,0.2727272727272727,0.37037037037037035,0.35294117647058826,0.5204081632653061,15,33,27,34,196
306,0.9782346652355045,0.019488377999999917,EXPLOIT,5,1,9,10,12,103,0.06666666666666667,0.2727272727272727,0.37037037037037035,0.35294117647058826,0.5228426395939086,15,33,27,34,197
307,0.8861159938387573,0.018503738999999797,EXPLOIT,5,1,9,10,12,103,0.06666666666666667,0.2727272727272727,0.37037037037037035,0.35294117647058826,0.5202020202020202,15,33,27,34,198
308,0.143664107657969,0.017533027999999895,EXPLOIT,5,1,9,10,12,103,0.06666666666666667,0.2727272727272727,0.37037037037037035,0.35294117647058826,0.5175879396984925,15,33,27,34,199
309,0.21612803125754,0.016576244999999767,EXPLOIT,5,1,9,10,12,104,0.06666666666666667,0.2727272727272727,0.37037037037037035,0.35294117647058826,0.52,15,33,27,34,200
310,0.42702454002574086,0.015633389999999858,EXPLOIT,5,1,9,10,12,104,0.06666666666666667,0.2727272727272727,0.37037037037037035,0.35294117647058826,0.5174129353233831,15,33,27,34,201
311,0.5793908757623285,0.014704462999999945,EXPLOIT,5,1,9,10,12,105,0.06666666666666667,0.2727272727272727,0.37037037037037035,0.35294117647058826,0.5198019801980198,15,33,27,34,202
312,0.34240009379573166,0.013789463999999807,EXPLOIT,5,1,9,10,12,106,0.06666666666666667,0.2727272727272727,0.37037037037037035,0.35294117647058826,0.5221674876847291,15,33,27,34,203
313,0.9118620676454157,0.012888392999999998,EXPLOIT,5,1,9,10,12,107,0.06666666666666667,0.2727272727272727,0.37037037037037035,0.35294117647058826,0.5245098039215687,15,33,27,34,204
314,0.2736142750363797,0.012001249999999852,EXPLOIT,5,1,9,10,12,108,0.06666666666666667,0.2727272727272727,0.37037037037037035,0.35294117647058826,0.526829268292683,15,33,27,34,205
315,0.6178981270641088,0.011128034999999925,EXPLOIT,5,1,9,10,12,108,0.06666666666666667,0.2727272727272727,0.37037037037037035,0.35294117647058826,0.5242718446601942,15,33,27,34,206
316,0.0744543659966439,0.010268747999999772,EXPLOIT,5,1,9,10,12,109,0.06666666666666667,0.2727272727272727,0.37037037037037035,0.35294117647058826,0.5265700483091788,15,33,27,34,207
317,0.5834254545625299,0.009423388999999949,EXPLOIT,5,1,9,10,12,109,0.06666666666666667,0.2727272727272727,0.37037037037037035,0.35294117647058826,0.5240384615384616,15,33,27,34,208
318,0.7253872586879879,0.008591957999999789,EXPLOIT,5,1,9,10,12,109,0.06666666666666667,0.2727272727272727,0.37037037037037035,0.35294117647058826,0.5215311004784688,15,33,27,34,209
319,0.3027728102169931,0.007774454999999847,EXPLOIT,5,1,9,10,12,109,0.06666666666666667,0.2727272727272727,0.37037037037037035,0.35294117647058826,0.5190476190476191,15,33,27,34,210
320,0.5526865776628256,0.006970880000000013,EXPLOIT,5,1,9,10,12,109,0.06666666666666667,0.2727272727272727,0.37037037037037035,0.35294117647058826,0.5165876777251185,15,33,27,34,211
321,0.4327082997187972,0.006181232999999842,EXPLOIT,5,1,9,10,12,110,0.06666666666666667,0.2727272727272727,0.37037037037037035,0.35294117647058826,0.5188679245283019,15,33,27,34,212
322,0.9798269637394696,0.005405514,EXPLOIT,5,1,9,10,12,110,0.06666666666666667,0.2727272727272727,0.37037037037037035,0.35294117647058826,0.5164319248826291,15,33,27,34,213
323,0.5575657694134861,0.004643722999999822,EXPLOIT,5,1,9,10,12,111,0.06666666666666667,0.2727272727272727,0.37037037037037035,0.35294117647058826,0.5186915887850467,15,33,27,34,214
324,0.7533596679568291,0.0038958599999999732,EXPLOIT,5,1,9,10,12,112,0.06666666666666667,0.2727272727272727,0.37037037037037035,0.35294117647058826,0.5209302325581395,15,33,27,34,215
325,0.270273552974686,0.003161924999999788,EXPLOIT,5,1,9,10,12,113,0.06666666666666667,0.2727272727272727,0.37037037037037035,0.35294117647058826,0.5231481481481481,15,33,27,34,216
326,0.7209019158035517,0.002441917999999932,EXPLOIT,5,1,9,10,12,113,0.06666666666666667,0.2727272727272727,0.37037037037037035,0.35294117647058826,0.5207373271889401,15,33,27,34,217
327,0.1215288219973445,0.0017358389999997392,EXPLOIT,5,1,9,10,12,113,0.06666666666666667,0.2727272727272727,0.37037037037037035,0.35294117647058826,0.518348623853211,15,33,27,34,218
328,0.25040862150490284,0.001043687999999876,EXPLOIT,5,1,9,10,12,114,0.06666666666666667,0.2727272727272727,0.37037037037037035,0.35294117647058826,0.5205479452054794,15,33,27,34,219
329,0.7389641616027802,3.654649999997872e-4,EXPLOIT,5,1,9,10,12,114,0.06666666666666667,0.2727272727272727,0.37037037037037035,0.35294117647058826,0.5181818181818182,15,33,27,34,220
330,0.8868343480862677,0,EXPLOIT,5,1,9,10,12,115,0.06666666666666667,0.2727272727272727,0.37037037037037035,0.35294117647058826,0.5203619909502263,15,33,27,34,221
331,0.8554374524392188,0,EXPLOIT,5,1,9,10,12,116,0.06666666666666667,0.2727272727272727,0.37037037037037035,0.35294117647058826,0.5225225225225225,15,33,27,34,222
332,0.669833813328296,0,EXPLOIT,5,1,9,10,12,117,0.06666666666666667,0.2727272727272727,0.37037037037037035,0.35294117647058826,0.5246636771300448,15,33,27,34,223
333,0.28767320001497865,0,EXPLOIT,5,1,9,10,12,118,0.06666666666666667,0.2727272727272727,0.37037037037037035,0.35294117647058826,0.5267857142857143,15,33,27,34,224
334,0.8608515756204724,0,EXPLOIT,5,1,9,10,12,119,0.06666666666666667,0.2727272727272727,0.37037037037037035,0.35294117647058826,0.5288888888888889,15,33,27,34,225
335,0.5833087884820998,0,EXPLOIT,5,1,9,10,12,120,0.06666666666666667,0.2727272727272727,0.37037037037037035,0.35294117647058826,0.5309734513274337,15,33,27,34,226
336,0.8425681900698692,0,EXPLOIT,5,1,9,10,12,121,0.06666666666666667,0.2727272727272727,0.37037037037037035,0.35294117647058826,0.5330396475770925,15,33,27,34,227
337,0.8904808063525707,0,EXPLOIT,5,1,9,10,12,121,0.06666666666666667,0.2727272727272727,0.37037037037037035,0.35294117647058826,0.5307017543859649,15,33,27,34,228
338,0.11253905179910362,0,EXPLOIT,5,1,9,10,12,122,0.06666666666666667,0.2727272727272727,0.37037037037037035,0.35294117647058826,0.5327510917030568,15,33,27,34,229
339,0.8423331633675843,0,EXPLOIT,5,1,9,10,12,122,0.06666666666666667,0.2727272727272727,0.37037037037037035,0.35294117647058826,0.5304347826086957,15,33,27,34,230
340,0.24293585238046944,0,EXPLOIT,5,1,9,10,12,123,0.06666666666666667,0.2727272727272727,0.37037037037037035,0.35294117647058826,0.5324675324675324,15,33,27,34,231
341,0.8697528587654233,0,EXPLOIT,5,1,9,10,12,124,0.06666666666666667,0.2727272727272727,0.37037037037037035,0.35294117647058826,0.5344827586206896,15,33,27,34,232
342,0.2911602226085961,0,EXPLOIT,5,1,9,10,12,125,0.06666666666666667,0.2727272727272727,0.37037037037037035,0.35294117647058826,0.5364806866952789,15,33,27,34,233
343,0.3027023880276829,0,EXPLOIT,5,1,9,10,12,126,0.06666666666666667,0.2727272727272727,0.37037037037037035,0.35294117647058826,0.5384615384615384,15,33,27,34,234
344,0.008031407371163368,0,EXPLOIT,5,1,9,10,12,127,0.06666666666666667,0.2727272727272727,0.37037037037037035,0.35294117647058826,0.5404255319148936,15,33,27,34,235
345,0.25790104479528964,0,EXPLOIT,5,1,9,10,12,127,0.06666666666666667,0.2727272727272727,0.37037037037037035,0.35294117647058826,0.538135593220339,15,33,27,34,236
346,0.574079055339098,0,EXPLOIT,5,1,9,10,12,127,0.06666666666666667,0.2727272727272727,0.37037037037037035,0.35294117647058826,0.5358649789029536,15,33,27,34,237
347,0.14281180850230157,0,EXPLOIT,5,1,9,10,12,128,0.06666666666666667,0.2727272727272727,0.37037037037037035,0.35294117647058826,0.5378151260504201,15,33,27,34,238
348,0.5032197572290897,0,EXPLOIT,5,1,9,10,12,129,0.06666666666666667,0.2727272727272727,0.37037037037037035,0.35294117647058826,0.5397489539748954,15,33,27,34,239
349,0.11645090533420444,0,EXPLOIT,5,1,9,10,12,129,0.06666666666666667,0.2727272727272727,0.37037037037037035,0.35294117647058826,0.5375,15,33,27,34,240
350,0.09313884424045682,0,EXPLOIT,5,1,9,10,12,130,0.06666666666666667,0.2727272727272727,0.37037037037037035,0.35294117647058826,0.5394190871369294,15,33,27,34,241
351,0.819330871803686,0,EXPLOIT,5,1,9,10,12,131,0.06666666666666667,0.2727272727272727,0.37037037037037035,0.35294117647058826,0.5413223140495868,15,33,27,34,242
352,0.6331097783986479,0,EXPLOIT,5,1,9,10,12,131,0.06666666666666667,0.2727272727272727,0.37037037037037035,0.35294117647058826,0.5390946502057613,15,33,27,34,243
353,0.3819500831887126,0,EXPLOIT,5,1,9,10,12,132,0.06666666666666667,0.2727272727272727,0.37037037037037035,0.35294117647058826,0.5409836065573771,15,33,27,34,244
354,0.7032237329985946,0,EXPLOIT,5,1,9,10,12,132,0.06666666666666667,0.2727272727272727,0.37037037037037035,0.35294117647058826,0.5387755102040817,15,33,27,34,245
355,0.15540623920969665,0,EXPLOIT,5,1,9,10,12,133,0.06666666666666667,0.2727272727272727,0.37037037037037035,0.35294117647058826,0.540650406504065,15,33,27,34,246
356,0.027474788716062903,0,EXPLOIT,5,1,9,10,12,133,0.06666666666666667,0.2727272727272727,0.37037037037037035,0.35294117647058826,0.5384615384615384,15,33,27,34,247
357,0.8821829941589385,0,EXPLOIT,5,1,9,10,12,134,0.06666666666666667,0.2727272727272727,0.37037037037037035,0.35294117647058826,0.5403225806451613,15,33,27,34,248
358,0.793861159356311,0,EXPLOIT,5,1,9,10,12,135,0.06666666666666667,0.2727272727272727,0.37037037037037035,0.35294117647058826,0.54216867469879515,15,33,27,34,249
359,0.7938679493963718,0,EXPLOIT,5,1,9,10,12,136,0.06666666666666667,0.2727272727272727,0.37037037037037035,0.35294117647058826,0.544,15,33,27,34,250
360,0.9773897465784103,0,EXPLOIT,5,1,9,10,12,136,0.06666666666666667,0.2727272727272727,0.37037037037037035,0.35294117647058826,0.5418326693227091,15,33,27,34,251
361,0.6633263069670647,0,EXPLOIT,5,1,9,10,12,136,0.06666666666666667,0.2727272727272727,0.37037037037037035,0.35294117647058826,0.5396825396825397,15,33,27,34,252
362,0.08348132180981338,0,EXPLOIT,5,1,9,10,12,136,0.06666666666666667,0.2727272727272727,0.37037037037037035,0.35294117647058826,0.5375494071146245,15,33,27,34,253
363,0.40023831417784095,0,EXPLOIT,5,1,9,10,12,137,0.06666666666666667,0.2727272727272727,0.37037037037037035,0.35294117647058826,0.5393700787401575,15,33,27,34,254
364,0.3019919858779758,0,EXPLOIT,5,1,9,10,12,137,0.06666666666666667,0.2727272727272727,0.37037037037037035,0.35294117647058826,0.5372549019607843,15,33,27,34,255
365,0.40584398130886257,0,EXPLOIT,5,1,9,10,12,137,0.06666666666666667,0.2727272727272727,0.37037037037037035,0.35294117647058826,0.53515625,15,33,27,34,256
366,0.6534883696585894,0,EXPLOIT,5,1,9,10,12,137,0.06666666666666667,0.2727272727272727,0.37037037037037035,0.35294117647058826,0.5330739299610895,15,33,27,34,257
367,0.30090707424096763,0,EXPLOIT,5,1,9,10,12,138,0.06666666666666667,0.2727272727272727,0.37037037037037035,0.35294117647058826,0.5348837209302325,15,33,27,34,258
368,0.9012220606673509,0,EXPLOIT,5,1,9,10,12,139,0.06666666666666667,0.2727272727272727,0.37037037037037035,0.35294117647058826,0.5366795366795367,15,33,27,34,259
369,0.6270157382823527,0,EXPLOIT,5,1,9,10,12,139,0.06666666666666667,0.2727272727272727,0.37037037037037035,0.35294117647058826,0.5346153846153846,15,33,27,34,260
370,0.13030020403675735,0,EXPLOIT,5,1,9,10,12,140,0.06666666666666667,0.2727272727272727,0.37037037037037035,0.35294117647058826,0.5363984674329502,15,33,27,34,261
371,0.8453733194619417,0,EXPLOIT,5,1,9,10,12,140,0.06666666666666667,0.2727272727272727,0.37037037037037035,0.35294117647058826,0.5343511450381679,15,33,27,34,262
372,0.1665785184595734,0,EXPLOIT,5,1,9,10,12,140,0.06666666666666667,0.2727272727272727,0.37037037037037035,0.35294117647058826,0.532319391634981,15,33,27,34,263
373,0.5109349843114614,0,EXPLOIT,5,1,9,10,12,141,0.06666666666666667,0.2727272727272727,0.37037037037037035,0.35294117647058826,0.5340909090909091,15,33,27,34,264
374,0.44320788234472275,0,EXPLOIT,5,1,9,10,12,141,0.06666666666666667,0.2727272727272727,0.37037037037037035,0.35294117647058826,0.5320754716981132,15,33,27,34,265
375,0.7304047814104706,0,EXPLOIT,5,1,9,10,12,142,0.06666666666666667,0.2727272727272727,0.37037037037037035,0.35294117647058826,0.5338345864661654,15,33,27,34,266
376,0.7738737701438367,0,EXPLOIT,5,1,9,10,12,142,0.06666666666666667,0.2727272727272727,0.37037037037037035,0.35294117647058826,0.5318352059925093,15,33,27,34,267
377,0.16880980972200632,0,EXPLOIT,5,1,9,10,12,143,0.06666666666666667,0.2727272727272727,0.37037037037037035,0.35294117647058826,0.5335820895522388,15,33,27,34,268
378,0.4095759317278862,0,EXPLOIT,5,1,9,10,12,144,0.06666666666666667,0.2727272727272727,0.37037037037037035,0.35294117647058826,0.5353159851301115,15,33,27,34,269
379,0.2853523234371096,0,EXPLOIT,5,1,9,10,12,144,0.06666666666666667,0.2727272727272727,0.37037037037037035,0.35294117647058826,0.5333333333333333,15,33,27,34,270
380,0.20727593917399645,0,EXPLOIT,5,1,9,10,12,144,0.06666666666666667,0.2727272727272727,0.37037037037037035,0.35294117647058826,0.5313653136531366,15,33,27,34,271
381,0.7079974194057286,0,EXPLOIT,5,1,9,10,12,145,0.06666666666666667,0.2727272727272727,0.37037037037037035,0.35294117647058826,0.5330882352941176,15,33,27,34,272
382,0.3734540422447026,0,EXPLOIT,5,1,9,10,12,145,0.06666666666666667,0.2727272727272727,0.37037037037037035,0.35294117647058826,0.5311355311355311,15,33,27,34,273
383,0.32841955893673,0,EXPLOIT,5,1,9,10,12,146,0.06666666666666667,0.2727272727272727,0.37037037037037035,0.35294117647058826,0.5328467153284672,15,33,27,34,274
384,0.46767150750383735,0,EXPLOIT,5,1,9,10,12,147,0.06666666666666667,0.2727272727272727,0.37037037037037035,0.35294117647058826,0.5345454545454545,15,33,27,34,275
385,0.8271346075925976,0,EXPLOIT,5,1,9,10,12,148,0.06666666666666667,0.2727272727272727,0.37037037037037035,0.35294117647058826,0.5362318840579711,15,33,27,34,276
386,0.25002869800664485,0,EXPLOIT,5,1,9,10,12,148,0.06666666666666667,0.2727272727272727,0.37037037037037035,0.35294117647058826,0.5342960288808665,15,33,27,34,277
387,0.43023194861598313,0,EXPLOIT,5,1,9,10,12,149,0.06666666666666667,0.2727272727272727,0.37037037037037035,0.35294117647058826,0.5359712230215827,15,33,27,34,278
388,0.42449869588017464,0,EXPLOIT,5,1,9,10,12,150,0.06666666666666667,0.2727272727272727,0.37037037037037035,0.35294117647058826,0.5376344086021505,15,33,27,34,279
389,0.2701642569154501,0,EXPLOIT,5,1,9,10,12,151,0.06666666666666667,0.2727272727272727,0.37037037037037035,0.35294117647058826,0.5392857142857143,15,33,27,34,280
390,0.9680514095816761,0,EXPLOIT,5,1,9,10,12,152,0.06666666666666667,0.2727272727272727,0.37037037037037035,0.35294117647058826,0.5409252669039146,15,33,27,34,281
391,0.6089230922516435,0,EXPLOIT,5,1,9,10,12,153,0.06666666666666667,0.2727272727272727,0.37037037037037035,0.35294117647058826,0.5425531914893617,15,33,27,34,282
392,0.5907298317179084,0,EXPLOIT,5,1,9,10,12,153,0.06666666666666667,0.2727272727272727,0.37037037037037035,0.35294117647058826,0.5406360424028268,15,33,27,34,283
393,0.7513741401489824,0,EXPLOIT,5,1,9,10,12,154,0.06666666666666667,0.2727272727272727,0.37037037037037035,0.35294117647058826,0.5422535211267606,15,33,27,34,284
394,0.858588490402326,0,EXPLOIT,5,1,9,10,12,154,0.06666666666666667,0.2727272727272727,0.37037037037037035,0.35294117647058826,0.5403508771929825,15,33,27,34,285
395,0.17457343358546495,0,EXPLOIT,5,1,9,10,12,154,0.06666666666666667,0.2727272727272727,0.37037037037037035,0.35294117647058826,0.5384615384615384,15,33,27,34,286
396,0.5785803752951324,0,EXPLOIT,5,1,9,10,12,155,0.06666666666666667,0.2727272727272727,0.37037037037037035,0.35294117647058826,0.5400696864111498,15,33,27,34,287
397,0.6401531803421676,0,EXPLOIT,5,1,9,10,12,155,0.06666666666666667,0.2727272727272727,0.37037037037037035,0.35294117647058826,0.5381944444444444,15,33,27,34,288
398,0.4840492063667625,0,EXPLOIT,5,1,9,10,12,156,0.06666666666666667,0.2727272727272727,0.37037037037037035,0.35294117647058826,0.5397923875432526,15,33,27,34,289
399,0.24113415204919875,0,EXPLOIT,5,1,9,10,12,157,0.06666666666666667,0.2727272727272727,0.37037037037037035,0.35294117647058826,0.5413793103448276,15,33,27,34,290
400,0.3101981033105403,0,EXPLOIT,5,1,9,10,12,158,0.06666666666666667,0.2727272727272727,0.37037037037037035,0.35294117647058826,0.5429553264604811,15,33,27,34,291
401,0.6019664076156914,0,EXPLOIT,5,1,9,10,12,159,0.06666666666666667,0.2727272727272727,0.37037037037037035,0.35294117647058826,0.5445205479452054,15,33,27,34,292
402,0.49353030463680625,0,EXPLOIT,5,1,9,10,12,160,0.06666666666666667,0.2727272727272727,0.37037037037037035,0.35294117647058826,0.5460750853242321,15,33,27,34,293
403,0.9612028351984918,0,EXPLOIT,5,1,9,10,12,161,0.06666666666666667,0.2727272727272727,0.37037037037037035,0.35294117647058826,0.5476190476190477,15,33,27,34,294
404,0.43092570872977376,0,EXPLOIT,5,1,9,10,12,161,0.06666666666666667,0.2727272727272727,0.37037037037037035,0.35294117647058826,0.5457627118644067,15,33,27,34,295
405,0.9903250669594854,0,EXPLOIT,5,1,9,10,12,161,0.06666666666666667,0.2727272727272727,0.37037037037037035,0.35294117647058826,0.543918918918919,15,33,27,34,296
406,0.691906129475683,0,EXPLOIT,5,1,9,10,12,162,0.06666666666666667,0.2727272727272727,0.37037037037037035,0.35294117647058826,0.5454545454545454,15,33,27,34,297
407,0.12003977317363024,0,EXPLOIT,5,1,9,10,12,162,0.06666666666666667,0.2727272727272727,0.37037037037037035,0.35294117647058826,0.5436241610738255,15,33,27,34,298
408,0.5048038503155112,0,EXPLOIT,5,1,9,10,12,162,0.06666666666666667,0.2727272727272727,0.37037037037037035,0.35294117647058826,0.5418060200668896,15,33,27,34,299
409,0.288293483434245,0,EXPLOIT,5,1,9,10,12,162,0.06666666666666667,0.2727272727272727,0.37037037037037035,0.35294117647058826,0.54,15,33,27,34,300
410,0.5042765594553202,0,EXPLOIT,5,1,9,10,12,162,0.06666666666666667,0.2727272727272727,0.37037037037037035,0.35294117647058826,0.5382059800664452,15,33,27,34,301
411,0.32323737326078117,0,EXPLOIT,5,1,9,10,12,162,0.06666666666666667,0.2727272727272727,0.37037037037037035,0.35294117647058826,0.5364238410596026,15,33,27,34,302
412,0.53278061398305,0,EXPLOIT,5,1,9,10,12,162,0.06666666666666667,0.2727272727272727,0.37037037037037035,0.35294117647058826,0.5346534653465347,15,33,27,34,303
413,0.7938337293453515,0,EXPLOIT,5,1,9,10,12,163,0.06666666666666667,0.2727272727272727,0.37037037037037035,0.35294117647058826,0.5361842105263158,15,33,27,34,304
414,0.655440082307905,0,EXPLOIT,5,1,9,10,12,163,0.06666666666666667,0.2727272727272727,0.37037037037037035,0.35294117647058826,0.5344262295081967,15,33,27,34,305
415,0.24261008319444954,0,EXPLOIT,5,1,9,10,12,164,0.06666666666666667,0.2727272727272727,0.37037037037037035,0.35294117647058826,0.5359477124183006,15,33,27,34,306
416,0.7452252130024135,0,EXPLOIT,5,1,9,10,12,164,0.06666666666666667,0.2727272727272727,0.37037037037037035,0.35294117647058826,0.5342019543973942,15,33,27,34,307
417,0.6608925110194832,0,EXPLOIT,5,1,9,10,12,164,0.06666666666666667,0.2727272727272727,0.37037037037037035,0.35294117647058826,0.5324675324675324,15,33,27,34,308
418,0.8018678287044168,0,EXPLOIT,5,1,9,10,12,164,0.06666666666666667,0.2727272727272727,0.37037037037037035,0.35294117647058826,0.5307443365695793,15,33,27,34,309
419,0.22243311000056565,0,EXPLOIT,5,1,9,10,12,165,0.06666666666666667,0.2727272727272727,0.37037037037037035,0.35294117647058826,0.532258064516129,15,33,27,34,310
420,0.36957861692644656,0,EXPLOIT,5,1,9,10,12,165,0.06666666666666667,0.2727272727272727,0.37037037037037035,0.35294117647058826,0.5305466237942122,15,33,27,34,311
421,0.743569903774187,0,EXPLOIT,5,1,9,10,12,165,0.06666666666666667,0.2727272727272727,0.37037037037037035,0.35294117647058826,0.5288461538461539,15,33,27,34,312
422,0.6714500247035176,0,EXPLOIT,5,1,9,10,12,165,0.06666666666666667,0.2727272727272727,0.37037037037037035,0.35294117647058826,0.5271565495207667,15,33,27,34,313
423,0.2247288995422423,0,EXPLOIT,5,1,9,10,12,166,0.06666666666666667,0.2727272727272727,0.37037037037037035,0.35294117647058826,0.5286624203821656,15,33,27,34,314
424,0.04416974866762757,0,EXPLOIT,5,1,9,10,12,166,0.06666666666666667,0.2727272727272727,0.37037037037037035,0.35294117647058826,0.526984126984127,15,33,27,34,315
425,0.8170257795136422,0,EXPLOIT,5,1,9,10,12,167,0.06666666666666667,0.2727272727272727,0.37037037037037035,0.35294117647058826,0.5284810126582279,15,33,27,34,316
426,0.49927409645169973,0,EXPLOIT,5,1,9,10,12,168,0.06666666666666667,0.2727272727272727,0.37037037037037035,0.35294117647058826,0.5299684542586751,15,33,27,34,317
427,0.438610975863412,0,EXPLOIT,5,1,9,10,12,168,0.06666666666666667,0.2727272727272727,0.37037037037037035,0.35294117647058826,0.5283018867924528,15,33,27,34,318
428,0.8811923379544169,0,EXPLOIT,5,1,9,10,12,169,0.06666666666666667,0.2727272727272727,0.37037037037037035,0.35294117647058826,0.5297805642633229,15,33,27,34,319
429,0.833998101297766,0,EXPLOIT,5,1,9,10,12,169,0.06666666666666667,0.2727272727272727,0.37037037037037035,0.35294117647058826,0.528125,15,33,27,34,320
430,0.9695452428422868,0,EXPLOIT,5,1,9,10,12,169,0.06666666666666667,0.2727272727272727,0.37037037037037035,0.35294117647058826,0.5264797507788161,15,33,27,34,321
431,0.023655795957893133,0,EXPLOIT,5,1,9,10,12,170,0.06666666666666667,0.2727272727272727,0.37037037037037035,0.35294117647058826,0.5279503105590062,15,33,27,34,322
432,0.3286578734405339,0,EXPLOIT,5,1,9,10,12,170,0.06666666666666667,0.2727272727272727,0.37037037037037035,0.35294117647058826,0.5263157894736842,15,33,27,34,323
433,0.3363141177687794,0,EXPLOIT,5,1,9,10,12,171,0.06666666666666667,0.2727272727272727,0.37037037037037035,0.35294117647058826,0.5277777777777778,15,33,27,34,324
434,0.33637065696530044,0,EXPLOIT,5,1,9,10,12,172,0.06666666666666667,0.2727272727272727,0.37037037037037035,0.35294117647058826,0.5292307692307693,15,33,27,34,325
435,0.8276169267483056,0,EXPLOIT,5,1,9,10,12,172,0.06666666666666667,0.2727272727272727,0.37037037037037035,0.35294117647058826,0.5276073619631901,15,33,27,34,326
436,0.4891748083755374,0,EXPLOIT,5,1,9,10,12,172,0.06666666666666667,0.2727272727272727,0.37037037037037035,0.35294117647058826,0.5259938837920489,15,33,27,34,327
437,0.4689741646870971,0,EXPLOIT,5,1,9,10,12,173,0.06666666666666667,0.2727272727272727,0.37037037037037035,0.35294117647058826,0.5274390243902439,15,33,27,34,328
438,0.9930159444920719,0,EXPLOIT,5,1,9,10,12,173,0.06666666666666667,0.2727272727272727,0.37037037037037035,0.35294117647058826,0.5258358662613982,15,33,27,34,329
439,0.9830163002479821,0,EXPLOIT,5,1,9,10,12,173,0.06666666666666667,0.2727272727272727,0.37037037037037035,0.35294117647058826,0.5242424242424243,15,33,27,34,330
440,0.19296520249918103,0,EXPLOIT,5,1,9,10,12,173,0.06666666666666667,0.2727272727272727,0.37037037037037035,0.35294117647058826,0.5226586102719033,15,33,27,34,331
441,0.8315770507324487,0,EXPLOIT,5,1,9,10,12,174,0.06666666666666667,0.2727272727272727,0.37037037037037035,0.35294117647058826,0.5240963855421686,15,33,27,34,332
442,0.7039436486084014,0,EXPLOIT,5,1,9,10,12,175,0.06666666666666667,0.2727272727272727,0.37037037037037035,0.35294117647058826,0.5255255255255256,15,33,27,34,333
443,0.03488780348561704,0,EXPLOIT,5,1,9,10,12,176,0.06666666666666667,0.2727272727272727,0.37037037037037035,0.35294117647058826,0.5269461077844312,15,33,27,34,334
444,0.8357510082423687,0,EXPLOIT,5,1,9,10,12,176,0.06666666666666667,0.2727272727272727,0.37037037037037035,0.35294117647058826,0.5253731343283582,15,33,27,34,335
445,0.9655143767595291,0,EXPLOIT,5,1,9,10,12,176,0.06666666666666667,0.2727272727272727,0.37037037037037035,0.35294117647058826,0.5238095238095238,15,33,27,34,336
446,0.945419819559902,0,EXPLOIT,5,1,9,10,12,177,0.06666666666666667,0.2727272727272727,0.37037037037037035,0.35294117647058826,0.5252225519287834,15,33,27,34,337
447,0.8281085980124772,0,EXPLOIT,5,1,9,10,12,177,0.06666666666666667,0.2727272727272727,0.37037037037037035,0.35294117647058826,0.5236686390532544,15,33,27,34,338
448,0.2855171475093812,0,EXPLOIT,5,1,9,10,12,177,0.06666666666666667,0.2727272727272727,0.37037037037037035,0.35294117647058826,0.5221238938053098,15,33,27,34,339
449,0.558905532117933,0,EXPLOIT,5,1,9,10,12,177,0.06666666666666667,0.2727272727272727,0.37037037037037035,0.35294117647058826,0.5205882352941177,15,33,27,34,340
450,0.6957711928989738,0,EXPLOIT,5,1,9,10,12,177,0.06666666666666667,0.2727272727272727,0.37037037037037035,0.35294117647058826,0.5190615835777126,15,33,27,34,341
451,0.45983608649112284,0,EXPLOIT,5,1,9,10,12,177,0.06666666666666667,0.2727272727272727,0.37037037037037035,0.35294117647058826,0.5175438596491229,15,33,27,34,342
452,0.8319194491486996,0,EXPLOIT,5,1,9,10,12,177,0.06666666666666667,0.2727272727272727,0.37037037037037035,0.35294117647058826,0.5160349854227405,15,33,27,34,343
453,0.2631887791212648,0,EXPLOIT,5,1,9,10,12,177,0.06666666666666667,0.2727272727272727,0.37037037037037035,0.35294117647058826,0.5145348837209303,15,33,27,34,344
454,0.5964318884070963,0,EXPLOIT,5,1,9,10,12,178,0.06666666666666667,0.2727272727272727,0.37037037037037035,0.35294117647058826,0.5159420289855072,15,33,27,34,345
455,0.4275822229683399,0,EXPLOIT,5,1,9,10,12,179,0.06666666666666667,0.2727272727272727,0.37037037037037035,0.35294117647058826,0.5173410404624278,15,33,27,34,346
456,0.9844818827696145,0,EXPLOIT,5,1,9,10,12,179,0.06666666666666667,0.2727272727272727,0.37037037037037035,0.35294117647058826,0.515850144092219,15,33,27,34,347
457,1.2095528654754162e-4,0,EXPLOIT,5,1,9,10,12,180,0.06666666666666667,0.2727272727272727,0.37037037037037035,0.35294117647058826,0.5172413793103449,15,33,27,34,348
458,0.21009942307136953,0,EXPLOIT,5,1,9,10,12,181,0.06666666666666667,0.2727272727272727,0.37037037037037035,0.35294117647058826,0.5186246418338109,15,33,27,34,349
459,0.22456283634528518,0,EXPLOIT,5,1,9,10,12,182,0.06666666666666667,0.2727272727272727,0.37037037037037035,0.35294117647058826,0.52,15,33,27,34,350
460,0.47606219653971493,0,EXPLOIT,5,1,9,10,12,183,0.06666666666666667,0.2727272727272727,0.37037037037037035,0.35294117647058826,0.5213675213675214,15,33,27,34,351
461,0.8614857706706971,0,EXPLOIT,5,1,9,10,12,184,0.06666666666666667,0.2727272727272727,0.37037037037037035,0.35294117647058826,0.5227272727272727,15,33,27,34,352
462,0.10578620946034789,0,EXPLOIT,5,1,9,10,12,185,0.06666666666666667,0.2727272727272727,0.37037037037037035,0.35294117647058826,0.5240793201133145,15,33,27,34,353
463,0.09553150925785303,0,EXPLOIT,5,1,9,10,12,186,0.06666666666666667,0.2727272727272727,0.37037037037037035,0.35294117647058826,0.5254237288135594,15,33,27,34,354
464,0.4836204096209258,0,EXPLOIT,5,1,9,10,12,187,0.06666666666666667,0.2727272727272727,0.37037037037037035,0.35294117647058826,0.5267605633802817,15,33,27,34,355
465,0.8929740590974689,0,EXPLOIT,5,1,9,10,12,187,0.06666666666666667,0.2727272727272727,0.37037037037037035,0.35294117647058826,0.5252808988764045,15,33,27,34,356
466,0.5172226023860276,0,EXPLOIT,5,1,9,10,12,187,0.06666666666666667,0.2727272727272727,0.37037037037037035,0.35294117647058826,0.5238095238095238,15,33,27,34,357
467,0.9513738541863859,0,EXPLOIT,5,1,9,10,12,188,0.06666666666666667,0.2727272727272727,0.37037037037037035,0.35294117647058826,0.5251396648044693,15,33,27,34,358
468,0.6724927751347423,0,EXPLOIT,5,1,9,10,12,188,0.06666666666666667,0.2727272727272727,0.37037037037037035,0.35294117647058826,0.5236768802228412,15,33,27,34,359
469,0.2511808418203145,0,EXPLOIT,5,1,9,10,12,188,0.06666666666666667,0.2727272727272727,0.37037037037037035,0.35294117647058826,0.5222222222222223,15,33,27,34,360
470,0.4496767013333738,0,EXPLOIT,5,1,9,10,12,189,0.06666666666666667,0.2727272727272727,0.37037037037037035,0.35294117647058826,0.5235457063711911,15,33,27,34,361
471,0.8100687752012163,0,EXPLOIT,5,1,9,10,12,190,0.06666666666666667,0.2727272727272727,0.37037037037037035,0.35294117647058826,0.5248618784530387,15,33,27,34,362
472,0.8929442972876132,0,EXPLOIT,5,1,9,10,12,191,0.06666666666666667,0.2727272727272727,0.37037037037037035,0.35294117647058826,0.5261707988980716,15,33,27,34,363
473,0.488031517714262,0,EXPLOIT,5,1,9,10,12,191,0.06666666666666667,0.2727272727272727,0.37037037037037035,0.35294117647058826,0.5247252747252747,15,33,27,34,364
474,0.5285324272699654,0,EXPLOIT,5,1,9,10,12,192,0.06666666666666667,0.2727272727272727,0.37037037037037035,0.35294117647058826,0.5260273972602739,15,33,27,34,365
475,0.7551100996788591,0,EXPLOIT,5,1,9,10,12,193,0.06666666666666667,0.2727272727272727,0.37037037037037035,0.35294117647058826,0.5273224043715847,15,33,27,34,366
476,0.2020335050765425,0,EXPLOIT,5,1,9,10,12,194,0.06666666666666667,0.2727272727272727,0.37037037037037035,0.35294117647058826,0.5286103542234333,15,33,27,34,367
477,0.1779095574747771,0,EXPLOIT,5,1,9,10,12,194,0.06666666666666667,0.2727272727272727,0.37037037037037035,0.35294117647058826,0.5271739130434783,15,33,27,34,368
478,0.15369049715809524,0,EXPLOIT,5,1,9,10,12,195,0.06666666666666667,0.2727272727272727,0.37037037037037035,0.35294117647058826,0.5284552845528455,15,33,27,34,369
479,0.0604155077598989,0,EXPLOIT,5,1,9,10,12,196,0.06666666666666667,0.2727272727272727,0.37037037037037035,0.35294117647058826,0.5297297297297298,15,33,27,34,370
480,0.827458871062845,0,EXPLOIT,5,1,9,10,12,197,0.06666666666666667,0.2727272727272727,0.37037037037037035,0.35294117647058826,0.5309973045822103,15,33,27,34,371
481,0.26303659030236304,0,EXPLOIT,5,1,9,10,12,198,0.06666666666666667,0.2727272727272727,0.37037037037037035,0.35294117647058826,0.532258064516129,15,33,27,34,372
482,0.33889567106962204,0,EXPLOIT,5,1,9,10,12,199,0.06666666666666667,0.2727272727272727,0.37037037037037035,0.35294117647058826,0.5335120643431636,15,33,27,34,373
483,0.3623779790941626,0,EXPLOIT,5,1,9,10,12,199,0.06666666666666667,0.2727272727272727,0.37037037037037035,0.35294117647058826,0.5320855614973262,15,33,27,34,374
484,0.7603863589465618,0,EXPLOIT,5,1,9,10,12,199,0.06666666666666667,0.2727272727272727,0.37037037037037035,0.35294117647058826,0.5306666666666666,15,33,27,34,375
485,0.9881376114208251,0,EXPLOIT,5,1,9,10,12,199,0.06666666666666667,0.2727272727272727,0.37037037037037035,0.35294117647058826,0.5292553191489362,15,33,27,34,376
486,0.38343770895153284,0,EXPLOIT,5,1,9,10,12,200,0.06666666666666667,0.2727272727272727,0.37037037037037035,0.35294117647058826,0.5305039787798409,15,33,27,34,377
487,0.8734132014214993,0,EXPLOIT,5,1,9,10,12,200,0.06666666666666667,0.2727272727272727,0.37037037037037035,0.35294117647058826,0.5291005291005291,15,33,27,34,378
488,0.12599854869768023,0,EXPLOIT,5,1,9,10,12,200,0.06666666666666667,0.2727272727272727,0.37037037037037035,0.35294117647058826,0.5277044854881267,15,33,27,34,379
489,0.616596867563203,0,EXPLOIT,5,1,9,10,12,201,0.06666666666666667,0.2727272727272727,0.37037037037037035,0.35294117647058826,0.5289473684210526,15,33,27,34,380
490,0.4279767503030598,0,EXPLOIT,5,1,9,10,12,201,0.06666666666666667,0.2727272727272727,0.37037037037037035,0.35294117647058826,0.5275590551181102,15,33,27,34,381
491,0.4917849281337112,0,EXPLOIT,5,1,9,10,12,202,0.06666666666666667,0.2727272727272727,0.37037037037037035,0.35294117647058826,0.5287958115183246,15,33,27,34,382
492,0.8612808138132095,0,EXPLOIT,5,1,9,10,12,203,0.06666666666666667,0.2727272727272727,0.37037037037037035,0.35294117647058826,0.5300261096605744,15,33,27,34,383
493,0.6214554978068918,0,EXPLOIT,5,1,9,10,12,203,0.06666666666666667,0.2727272727272727,0.37037037037037035,0.35294117647058826,0.5286458333333334,15,33,27,34,384
494,0.3218263350427151,0,EXPLOIT,5,1,9,10,12,204,0.06666666666666667,0.2727272727272727,0.37037037037037035,0.35294117647058826,0.5298701298701298,15,33,27,34,385
495,0.8338684467598796,0,EXPLOIT,5,1,9,10,12,204,0.06666666666666667,0.2727272727272727,0.37037037037037035,0.35294117647058826,0.5284974093264249,15,33,27,34,386
496,0.6020651548169553,0,EXPLOIT,5,1,9,10,12,204,0.06666666666666667,0.2727272727272727,0.37037037037037035,0.35294117647058826,0.5271317829457365,15,33,27,34,387
497,0.46808996167965233,0,EXPLOIT,5,1,9,10,12,204,0.06666666666666667,0.2727272727272727,0.37037037037037035,0.35294117647058826,0.5257731958762887,15,33,27,34,388
498,0.4398250982630998,0,EXPLOIT,5,1,9,10,12,205,0.06666666666666667,0.2727272727272727,0.37037037037037035,0.35294117647058826,0.5269922879177378,15,33,27,34,389
499,0.2247121585533023,0,EXPLOIT,5,1,9,10,12,206,0.06666666666666667,0.2727272727272727,0.37037037037037035,0.35294117647058826,0.5282051282051282,15,33,27,34,390
