iteration,choice,cr1,cr2,cr3,cr4,cr5,b1.1,b1.2,b2.1,b2.2,b3.1,b3.2,b4.1,b4.2,b5.1,b5.2,pd1,pd2,pd3,pd4,pd5,n1,n2,n3,n4,n5
0,NA,0,0,0,0,0,1,1,1,1,1,1,1,1,1,1,0.2755051366984844,0.5865243729203939,0.5283410339616239,0.9941587806679308,0.47074480308219796,0,0,0,0,0
1,4,0,0,0,0,0,1,1,1,1,1,1,1,2,1,1,0.4798669116571545,0.916933143278584,0.2497009092476219,0.39340751244400207,0.240485112182796,0,0,0,1,0
2,2,0,0,0,0,0,1,1,1,2,1,1,1,2,1,1,0.050885535310953856,0.5683409992291976,0.3943477987777442,0.48604365154640944,0.5536988615058362,0,1,0,1,0
3,2,0,0,0,0,0,1,1,1,3,1,1,1,2,1,1,0.8970048127230258,0.16692562315090126,0.4512521370779723,0.4175362095124728,0.17089991946704686,0,2,0,1,0
4,1,0,0,0,0,0,1,2,1,3,1,1,1,2,1,1,0.03747301420653438,0.25758407226523866,0.8714495366439223,0.3683428343032595,0.4560043292585761,1,2,0,1,0
5,3,0,0,0,0,0,1,2,1,3,1,2,1,2,1,1,0.3835411908429876,0.07631316324251927,0.1115452555544701,0.4591338738643691,0.2076377500779927,1,2,1,1,0
6,4,0,0,0,0,0,1,2,1,3,1,2,1,3,1,1,0.771024481368314,0.5049665386180056,0.29603729032149423,0.021329700360197063,0.23200250579975543,1,2,1,2,0
7,1,0,0,0,0,0,1,3,1,3,1,2,1,3,1,1,0.19158040944079482,0.3852144607122561,0.5964538347335845,0.4527373148280593,0.8606750681065023,2,2,1,2,0
8,5,0,0,0,0,1,1,3,1,3,1,2,1,3,2,1,0.035798973820011605,0.37991941601526813,0.6866477881104994,0.21662094764103085,0.5998462075663776,2,2,1,2,1
9,3,0,0,1,0,1,1,3,1,3,2,2,1,3,2,1,0.2743680663912102,0.42366656096380706,0.8004847418545742,0.20753269855553175,0.3020170882403366,2,2,2,2,1
10,3,0,0,1,0,1,1,3,1,3,2,3,1,3,2,1,0.49131995179560506,0.6285295869776967,0.7371227506309056,0.8553948722366285,0.9277979209093957,2,2,3,2,1
11,5,0,0,1,0,1,1,3,1,3,2,3,1,3,2,2,0.24340998757221588,0.17131657337487657,0.17834913977855987,0.3905722358888168,0.3911513397148816,2,2,3,2,2
12,5,0,0,1,0,2,1,3,1,3,2,3,1,3,3,2,0.2247884433188665,0.4086748346436445,0.5675675902493471,0.4424290296202718,0.39386478750058496,2,2,3,2,3
13,3,0,0,1,0,2,1,3,1,3,2,4,1,3,3,2,0.1453827551138493,0.11915222502734607,0.7699780646849288,0.02954354062673369,0.3302165127215711,2,2,4,2,3
14,3,0,0,1,0,2,1,3,1,3,2,5,1,3,3,2,0.5020021157891872,0.06943978393482894,0.23691348079534502,0.5767948169136711,0.45498741825662764,2,2,5,2,3
15,4,0,0,1,1,2,1,3,1,3,2,5,2,3,3,2,0.08332618429998408,0.3294667437320977,0.340120259201975,0.48621734602079225,0.182842552181825,2,2,5,3,3
16,4,0,0,1,2,2,1,3,1,3,2,5,3,3,3,2,0.3679477329478792,0.13824055129129623,0.4422569968736423,0.3414254429223279,0.5387510909531343,2,2,5,4,3
17,5,0,0,1,2,3,1,3,1,3,2,5,3,3,4,2,0.22633766505624872,0.2013003816756869,0.38254390045681874,0.21661128888615636,0.9404409254010934,2,2,5,4,4
18,5,0,0,1,2,3,1,3,1,3,2,5,3,3,4,3,0.006881090619314381,0.3907288398901473,0.28299857173286513,0.29922464695655815,0.920132200742105,2,2,5,4,5
19,5,0,0,1,2,4,1,3,1,3,2,5,3,3,5,3,0.27946686884088007,0.12452297171436458,0.3015602984723283,0.8008816623834887,0.5565776943303226,2,2,5,4,6
20,4,0,0,1,3,4,1,3,1,3,2,5,4,3,5,3,0.7554893039225645,0.044493293765677594,0.5422764530696115,0.39343966314845225,0.5699875029841734,2,2,5,5,6
21,1,0,0,1,3,4,1,4,1,3,2,5,4,3,5,3,0.14907047576805316,0.23512951425547823,0.2382329901382521,0.5089865715486314,0.7202632219446261,3,2,5,5,6
22,5,0,0,1,3,5,1,4,1,3,2,5,4,3,6,3,0.24130066346317236,0.019841788445286168,0.2642497331708857,0.3556506757704901,0.7388749135590638,3,2,5,5,7
23,5,0,0,1,3,5,1,4,1,3,2,5,4,3,6,4,0.0014889514405980761,0.35656552991589024,0.22929332260575203,0.49448190574984163,0.4261770112884744,3,2,5,5,8
24,4,0,0,1,4,5,1,4,1,3,2,5,5,3,6,4,0.25734361540861345,0.3486624868423611,0.4545143592033332,0.5547036147042167,0.6239715113357782,3,2,5,6,8
25,5,0,0,1,4,6,1,4,1,3,2,5,5,3,7,4,0.05842595633580091,0.02396831945765682,0.5513859324098344,0.5905260738239153,0.5814735503086418,3,2,5,6,9
26,4,0,0,1,4,6,1,4,1,3,2,5,5,4,7,4,0.04101726369679062,0.2530217694539075,0.27435642678848543,0.4549988719184445,0.4208410833735649,3,2,5,7,9
27,4,0,0,1,4,6,1,4,1,3,2,5,5,5,7,4,0.11403706575855399,0.13935753861110967,0.17891442537727772,0.7968291025657426,0.8074896244746761,3,2,5,8,9
28,5,0,0,1,4,7,1,4,1,3,2,5,5,5,8,4,0.2872299789746008,0.3113272392063956,0.3402697209352952,0.5950741222003029,0.7131572706259814,3,2,5,8,10
29,5,0,0,1,4,7,1,4,1,3,2,5,5,5,8,5,0.12414409682508956,0.14815565664598251,0.19499765673202213,0.5149384684373443,0.7693963374790647,3,2,5,8,11
30,5,0,0,1,4,7,1,4,1,3,2,5,5,5,8,6,0.15314446434372866,0.10986838873881481,0.24654091574527828,0.522041347000761,0.49907736496361216,3,2,5,8,12
31,4,0,0,1,5,7,1,4,1,3,2,5,6,5,8,6,0.04369590170903516,0.2905323894062835,0.3796769630991124,0.40239209919657926,0.6640722084582509,3,2,5,9,12
32,5,0,0,1,5,8,1,4,1,3,2,5,6,5,9,6,0.03064494553477657,0.3122458523734992,0.37913242593882995,0.5514708601679735,0.6244353607729602,3,2,5,9,13
33,5,0,0,1,5,9,1,4,1,3,2,5,6,5,10,6,0.14193327380658957,0.2491646875716812,0.6294645573305232,0.4733439705298226,0.782975755886674,3,2,5,9,14
34,5,0,0,1,5,9,1,4,1,3,2,5,6,5,10,7,0.28564119619134126,0.43693942994254814,0.20712344175568104,0.4098700557274809,0.7232346904336884,3,2,5,9,15
35,5,0,0,1,5,9,1,4,1,3,2,5,6,5,10,8,0.40311495778517886,0.08920593182423632,0.074873763433465,0.7994380998611692,0.6656419564121657,3,2,5,9,16
36,4,0,0,1,5,9,1,4,1,3,2,5,6,6,10,8,0.35174070166227744,0.7309624883175087,0.4804838603933421,0.42095761896448014,0.6638442020133185,3,2,5,10,16
37,2,0,0,1,5,9,1,4,1,4,2,5,6,6,10,8,0.0429521657061874,0.008866924033097695,0.3870531386095275,0.48965546991954484,0.19191659311529713,3,3,5,10,16
38,4,0,0,1,6,9,1,4,1,4,2,5,7,6,10,8,0.12187003341813978,0.29426361132659573,0.516060721251415,0.6181072246662027,0.6044966336753196,3,3,5,11,16
39,4,0,0,1,6,9,1,4,1,4,2,5,7,7,10,8,0.3439417014973025,0.04930456815326156,0.274214890651981,0.6154344635929319,0.6312500516929747,3,3,5,12,16
40,5,0,0,1,6,9,1,4,1,4,2,5,7,7,10,9,0.49373351967324153,0.09333142468988376,0.2519451695736266,0.8259432277862708,0.4520023705956295,3,3,5,12,17
41,4,0,0,1,6,9,1,4,1,4,2,5,7,8,10,9,0.17951840294876184,0.33910263441185895,0.1031926191782846,0.25814021897374684,0.44821694918043287,3,3,5,13,17
42,5,0,0,1,6,10,1,4,1,4,2,5,7,8,11,9,0.13614392623076615,0.16012508435123723,0.44821489327540603,0.3784071485303265,0.37462847741288097,3,3,5,13,18
43,3,0,0,1,6,10,1,4,1,4,2,6,7,8,11,9,0.622458958060657,0.0864492487161313,0.45125262039695063,0.5077579841072896,0.6727358536048403,3,3,6,13,18
44,5,0,0,1,6,10,1,4,1,4,2,6,7,8,11,10,0.4917704792536863,0.072653510653178,0.13071143775084082,0.4294113132961841,0.6126565646704146,3,3,6,13,19
45,5,0,0,1,6,10,1,4,1,4,2,6,7,8,11,11,0.059597739845169334,0.03715523945286187,0.1114315825628716,0.2958129901600767,0.6129373401230457,3,3,6,13,20
46,5,0,0,1,6,10,1,4,1,4,2,6,7,8,11,12,0.030538440150507568,0.1559659115292114,0.15781717672473475,0.5107805061389863,0.34278586322032045,3,3,6,13,21
47,4,0,0,1,6,10,1,4,1,4,2,6,7,9,11,12,0.40066429509423895,0.2225363693724223,0.30123470809529246,0.6300141604455015,0.4811910077740928,3,3,6,14,21
48,4,0,0,1,7,10,1,4,1,4,2,6,8,9,11,12,0.05960248731003966,0.5784563176363923,0.4157183626550663,0.32824861919911213,0.5181580392851977,3,3,6,15,21
49,2,0,0,1,7,10,1,4,1,5,2,6,8,9,11,12,0.21897993643286426,0.5194521910204428,0.3443314114796093,0.4939183125150961,0.5324964145695994,3,4,6,15,21
50,5,0,0,1,7,11,1,4,1,5,2,6,8,9,12,12,0.615958140141737,0.13336576981029136,0.1578067485206659,0.5663826787058354,0.5761026446654645,3,4,6,15,22
51,1,0,0,1,7,11,1,5,1,5,2,6,8,9,12,12,0.0609194318202617,0.535294592043246,0.10261793349441528,0.6072631857270445,0.5766563311522791,4,4,6,15,22
52,4,0,0,1,7,11,1,5,1,5,2,6,8,10,12,12,0.036142771743567156,0.22655565792625518,0.246295793185882,0.3878747011599762,0.31537954381965994,4,4,6,16,22
53,4,0,0,1,7,11,1,5,1,5,2,6,8,11,12,12,0.2561326518657808,0.367355154288519,0.2988585122402804,0.5787880739607667,0.36787534306283987,4,4,6,17,22
54,4,0,0,1,7,11,1,5,1,5,2,6,8,12,12,12,0.10360597287281852,0.45412041876297743,0.6675744672942842,0.43400879577696766,0.3909515438964149,4,4,6,18,22
55,3,0,0,2,7,11,1,5,1,5,3,6,8,12,12,12,0.2796519460149347,0.03662037965868636,0.30258267680070133,0.31537835023432376,0.6142445375297868,4,4,7,18,22
56,5,0,0,2,7,12,1,5,1,5,3,6,8,12,13,12,0.06836445195052356,0.3008234032040694,0.5990038924638631,0.35499643532820885,0.6038640159873325,4,4,7,18,23
57,5,0,0,2,7,12,1,5,1,5,3,6,8,12,13,13,0.129162452378546,0.2513228062417488,0.4004067749051208,0.4099488017938691,0.4689430332427693,4,4,7,18,24
58,5,0,0,2,7,13,1,5,1,5,3,6,8,12,14,13,0.30942627054726624,0.3285482500351581,0.5372173615737545,0.24407811508256147,0.5596193807064447,4,4,7,18,25
59,5,0,0,2,7,13,1,5,1,5,3,6,8,12,14,14,0.11291253042634167,0.38591368860730985,0.10469863282992391,0.17089612805760254,0.43711179779412146,4,4,7,18,26
60,5,0,0,2,7,13,1,5,1,5,3,6,8,12,14,15,0.45519178414252315,0.006365504161429896,0.2536485313799903,0.39138361365357016,0.5000086859830433,4,4,7,18,27
61,5,0,0,2,7,13,1,5,1,5,3,6,8,12,14,16,0.16207426665936028,0.34990647182682144,0.2671279612227248,0.6642422190716352,0.3275726858588005,4,4,7,18,28
62,4,0,0,2,7,13,1,5,1,5,3,6,8,13,14,16,0.35325582934072036,0.07216283459029448,0.39343197014730263,0.29676622075738457,0.40165517130854445,4,4,7,19,28
63,5,0,0,2,7,14,1,5,1,5,3,6,8,13,15,16,0.025626571779841692,0.1296653621505696,0.40441080913711325,0.5421484586248916,0.541470099968915,4,4,7,19,29
64,4,0,0,2,8,14,1,5,1,5,3,6,9,13,15,16,0.08072902740006616,0.07890302864215795,0.27380869495865706,0.383195387226298,0.36729500564159867,4,4,7,20,29
65,4,0,0,2,8,14,1,5,1,5,3,6,9,14,15,16,0.020887874521422538,0.1498491676200139,0.6762096885385774,0.3914245069260754,0.37749801290675583,4,4,7,21,29
66,3,0,0,2,8,14,1,5,1,5,3,7,9,14,15,16,0.4128380868644767,0.004259205422910912,0.10347559475150346,0.3502304754460079,0.44288441974505977,4,4,8,21,29
67,5,0,0,2,8,14,1,5,1,5,3,7,9,14,15,17,0.24897901725928379,0.47314066286785644,0.11649020652295933,0.4649462816928266,0.41328138964539507,4,4,8,21,30
68,2,0,0,2,8,14,1,5,1,6,3,7,9,14,15,17,0.054290154957403636,0.02511620865296408,0.4601928975123073,0.4468655564383075,0.5722758789173648,4,5,8,21,30
69,5,0,0,2,8,15,1,5,1,6,3,7,9,14,16,17,0.036045812803023665,0.429563155457328,0.3240677184517944,0.31968747177402856,0.6223391257600994,4,5,8,21,31
70,5,0,0,2,8,15,1,5,1,6,3,7,9,14,16,18,0.1777123096014367,0.02332701422163985,0.16769296855812935,0.4255905545646981,0.34670237527759906,4,5,8,21,32
71,4,0,0,2,8,15,1,5,1,6,3,7,9,15,16,18,0.028141407116006826,0.020714724156613747,0.17762379364939954,0.2746191011623137,0.5609593856505802,4,5,8,22,32
72,5,0,0,2,8,16,1,5,1,6,3,7,9,15,17,18,0.0024640847828038006,0.17248884293213654,0.15513030584149745,0.2671382656186885,0.4967674042857703,4,5,8,22,33
73,5,0,0,2,8,16,1,5,1,6,3,7,9,15,17,19,0.12412921668559246,0.050333690207579156,0.2190286127402855,0.4592519872277655,0.5588552241932113,4,5,8,22,34
74,5,0,0,2,8,16,1,5,1,6,3,7,9,15,17,20,0.10195627156229684,0.3270485944225286,0.41124030553743374,0.1739632065413773,0.5217863843827519,4,5,8,22,35
75,5,0,0,2,8,16,1,5,1,6,3,7,9,15,17,21,0.14929198887811437,0.43538942959804827,0.050967600892738614,0.4344270956630929,0.49084641291675896,4,5,8,22,36
76,5,0,0,2,8,16,1,5,1,6,3,7,9,15,17,22,0.37166073385619397,0.17627116081995153,0.2257704364778054,0.4902420895422526,0.5281469742623633,4,5,8,22,37
77,5,0,0,2,8,17,1,5,1,6,3,7,9,15,18,22,0.7159283565474609,0.21317134963670528,0.5496070656781841,0.26970334588547346,0.36261619928595773,4,5,8,22,38
78,1,0,0,2,8,17,1,6,1,6,3,7,9,15,18,22,0.35456280384533306,0.2054462276428985,0.28258126670829,0.44368904218383043,0.30704374718872335,5,5,8,22,38
79,4,0,0,2,8,17,1,6,1,6,3,7,9,16,18,22,0.02922069874155525,0.4244470906386333,0.2122949454563486,0.4084884149743935,0.3405780970211276,5,5,8,23,38
80,2,0,0,2,8,17,1,6,1,7,3,7,9,16,18,22,0.01672730583907172,0.06848977389397021,0.3469016263327833,0.45059398082602725,0.4998494762743898,5,6,8,23,38
81,5,0,0,2,8,17,1,6,1,7,3,7,9,16,18,23,0.3211341989268284,0.054506259848116606,0.029938759204541737,0.44313669819932167,0.4769270520035043,5,6,8,23,39
82,5,0,0,2,8,17,1,6,1,7,3,7,9,16,18,24,0.1406409081886863,0.12333657633450819,0.1949759681770026,0.2684972428686149,0.49441485234017385,5,6,8,23,40
83,5,0,0,2,8,17,1,6,1,7,3,7,9,16,18,25,0.004170191474744558,0.1397208052811857,0.18858351255411418,0.3338932696084622,0.3971619859272373,5,6,8,23,41
84,5,0,0,2,8,18,1,6,1,7,3,7,9,16,19,25,0.1657531778079851,0.44187289111611394,0.22070913352855207,0.31512116360455006,0.5518509432012175,5,6,8,23,42
85,5,0,0,2,8,19,1,6,1,7,3,7,9,16,20,25,0.3908156194824867,0.016882241228741074,0.4291810393537881,0.4185908138008892,0.44616220170757004,5,6,8,23,43
86,5,0,0,2,8,19,1,6,1,7,3,7,9,16,20,26,0.04752980911122132,0.25980622926762403,0.20619701598253629,0.290585079078407,0.35272901822547287,5,6,8,23,44
87,5,0,0,2,8,19,1,6,1,7,3,7,9,16,20,27,0.13285211079866313,0.010882605420592075,0.2526398613986664,0.18426572806095134,0.388035624672886,5,6,8,23,45
88,5,0,0,2,8,19,1,6,1,7,3,7,9,16,20,28,0.18059980112190074,0.0016997132287903762,0.522629119593113,0.35598980408843134,0.47675575998396075,5,6,8,23,46
89,3,0,0,2,8,19,1,6,1,7,3,8,9,16,20,28,0.08813930555087403,0.0257766223079886,0.05677133442413764,0.39685632316483155,0.43337950831134,5,6,9,23,46
90,5,0,0,2,8,19,1,6,1,7,3,8,9,16,20,29,0.02908611799986934,0.05074077072081869,0.5498371748256086,0.2956258925898655,0.4112485044695166,5,6,9,23,47
91,3,0,0,2,8,19,1,6,1,7,3,9,9,16,20,29,0.013441587658077923,0.033914122021262594,0.6200929938191171,0.36901468083280775,0.3823140273526057,5,6,10,23,47
92,3,0,0,3,8,19,1,6,1,7,4,9,9,16,20,29,0.22123069050540906,0.10573353799540534,0.22409700327640225,0.522983813006762,0.4414020095810591,5,6,11,23,47
93,4,0,0,3,9,19,1,6,1,7,4,9,10,16,20,29,0.11542259164382651,0.038126723010987074,0.2663047708780119,0.42054373730801753,0.3644333339207642,5,6,11,24,47
94,4,0,0,3,10,19,1,6,1,7,4,9,11,16,20,29,0.6405097338567942,0.044554392407727114,0.2435412630726439,0.42912703689864923,0.43169844250174844,5,6,11,25,47
95,1,0,0,3,10,19,1,7,1,7,4,9,11,16,20,29,0.07328990667739592,0.15738759441722341,0.14399069347876786,0.4616905242508152,0.3836746843273106,6,6,11,25,47
96,4,0,0,3,10,19,1,7,1,7,4,9,11,17,20,29,0.06073788575733917,0.01309127651800129,0.28294225186075855,0.40228876887500836,0.42256360798721543,6,6,11,26,47
97,5,0,0,3,10,20,1,7,1,7,4,9,11,17,21,29,0.11931944879284419,0.4727330810891331,0.4145511779991347,0.4490054418815749,0.41520310176105296,6,6,11,26,48
98,2,0,0,3,10,20,1,7,1,8,4,9,11,17,21,29,0.17066830257274235,0.0549336290411427,0.3277709139432164,0.3379840496615299,0.39999682597895353,6,7,11,26,48
99,5,0,0,3,10,21,1,7,1,8,4,9,11,17,22,29,0.09288263134849631,0.042619024410139844,0.24691194323435325,0.31273752519674036,0.35322335978674246,6,7,11,26,49
100,5,0,0,3,10,22,1,7,1,8,4,9,11,17,23,29,0.2134590190845208,0.0017702368648227992,0.1786340190043687,0.5720297983431768,0.5119082359372448,6,7,11,26,50
101,4,0,0,3,11,22,1,7,1,8,4,9,12,17,23,29,0.038703690410789145,0.21666216481936923,0.1857787508958849,0.3059422973719181,0.43415663692116235,6,7,11,27,50
102,5,0,0,3,11,22,1,7,1,8,4,9,12,17,23,30,0.07383127952601269,0.06879273849395888,0.30535158947875163,0.4323423147658845,0.4576956349267771,6,7,11,27,51
103,5,0,0,3,11,22,1,7,1,8,4,9,12,17,23,31,0.0426111897010425,0.09417350583303419,0.18106555516660924,0.4403958900379611,0.4628651864655043,6,7,11,27,52
104,5,0,0,3,11,22,1,7,1,8,4,9,12,17,23,32,0.0965961361650423,0.09531599909130277,0.6330030617657166,0.45391604757746074,0.4763935991424642,6,7,11,27,53
105,3,0,0,3,11,22,1,7,1,8,4,10,12,17,23,32,0.0369775384898499,0.13921568528249237,0.2772141328044077,0.33793540422644386,0.5047173559317735,6,7,12,27,53
106,5,0,0,3,11,23,1,7,1,8,4,10,12,17,24,32,0.06879279367325983,0.053161630812733486,0.3989966508140523,0.5030617311300224,0.44262488228719643,6,7,12,27,54
107,4,0,0,3,12,23,1,7,1,8,4,10,13,17,24,32,0.32078818063393943,0.07147535406591536,0.416182586858695,0.5209808600742887,0.4373617068257975,6,7,12,28,54
108,4,0,0,3,12,23,1,7,1,8,4,10,13,18,24,32,0.09955611627686627,0.12725817533820943,0.20233120244264316,0.364075566031942,0.4255077369456194,6,7,12,29,54
109,5,0,0,3,12,23,1,7,1,8,4,10,13,18,24,33,0.1852442121899204,0.0033323429657303692,0.24266326703895863,0.5396661167687246,0.4229376854400275,6,7,12,29,55
110,4,0,0,3,13,23,1,7,1,8,4,10,14,18,24,33,0.041668607040580036,0.10973713830327968,0.1308081872620378,0.5621679215340962,0.21666510536116573,6,7,12,30,55
111,4,0,0,3,14,23,1,7,1,8,4,10,15,18,24,33,0.05898376633214782,0.12554042212291164,0.15338271333957115,0.5512281226437916,0.45244167871203883,6,7,12,31,55
112,4,0,0,3,14,23,1,7,1,8,4,10,15,19,24,33,0.10635310225225086,0.15755597185752035,0.559440384456275,0.3471041351505236,0.39247003329458585,6,7,12,32,55
113,3,0,0,3,14,23,1,7,1,8,4,11,15,19,24,33,0.10131942831593825,0.007426055745457454,0.32547250586244225,0.5481563331037488,0.4317666492779667,6,7,13,32,55
114,4,0,0,3,15,23,1,7,1,8,4,11,16,19,24,33,0.029235674320177964,0.11683256873547462,0.32816143404394144,0.4068355363605725,0.38237970067329535,6,7,13,33,55
115,4,0,0,3,15,23,1,7,1,8,4,11,16,20,24,33,0.25821857609816645,0.3655678676001739,0.22195318174639492,0.43091386662327313,0.43179935658655116,6,7,13,34,55
116,5,0,0,3,15,24,1,7,1,8,4,11,16,20,25,33,0.3231538264707289,0.04214971861949847,0.1560920342036282,0.516664148896851,0.39595034601651213,6,7,13,34,56
117,4,0,0,3,15,24,1,7,1,8,4,11,16,21,25,33,0.18836323490792709,0.08326157315139751,0.0782051700261462,0.6571202936768401,0.3971309459184688,6,7,13,35,56
118,4,0,0,3,15,24,1,7,1,8,4,11,16,22,25,33,3.0283918332531663e-4,0.2154464804870965,0.1474191036451678,0.29612809531817846,0.4073424742368323,6,7,13,36,56
119,5,0,0,3,15,25,1,7,1,8,4,11,16,22,26,33,0.08999694618770292,0.3145499046824607,0.30930652624783783,0.5378466254223194,0.44709932495452365,6,7,13,36,57
120,4,0,0,3,15,25,1,7,1,8,4,11,16,23,26,33,0.1508111864675326,0.18108818548214228,0.20568972167866115,0.47171217204570864,0.45080764549251773,6,7,13,37,57
121,4,0,0,3,16,25,1,7,1,8,4,11,17,23,26,33,0.11897778124905675,0.1292295577041114,0.22335678732911102,0.46615685941276974,0.4420551565538054,6,7,13,38,57
122,4,0,0,3,16,25,1,7,1,8,4,11,17,24,26,33,0.07483888818928672,0.10107307477953406,0.35197541631159524,0.34066003690376445,0.4381892034679573,6,7,13,39,57
123,5,0,0,3,16,26,1,7,1,8,4,11,17,24,27,33,0.006513794447874073,0.007065954762305348,0.3988983709216854,0.35926107384675554,0.5491655733698941,6,7,13,39,58
124,5,0,0,3,16,27,1,7,1,8,4,11,17,24,28,33,0.02255299763319218,0.16646704542247606,0.2877754833562351,0.5328954518156,0.4717005668149758,6,7,13,39,59
125,4,0,0,3,17,27,1,7,1,8,4,11,18,24,28,33,0.24304603833209787,0.018191239375979575,0.14285179973280226,0.5310823248550043,0.4746378354848247,6,7,13,40,59
126,4,0,0,3,17,27,1,7,1,8,4,11,18,25,28,33,0.12995134634953306,8.698799857668045e-5,0.38125632704488743,0.5041039752658077,0.5223268676776744,6,7,13,41,59
127,5,0,0,3,17,27,1,7,1,8,4,11,18,25,28,34,0.032867880074945455,0.24941083331060687,0.3236523812183312,0.4139677036856882,0.6034301463883898,6,7,13,41,60
128,5,0,0,3,17,27,1,7,1,8,4,11,18,25,28,35,0.0047242239366539745,0.08239766316641757,0.232759349346853,0.5591852316227022,0.5390788906900897,6,7,13,41,61
129,4,0,0,3,18,27,1,7,1,8,4,11,19,25,28,35,0.3177771876952648,0.03527517782372667,0.2657013418300428,0.4753839408505115,0.48467278486182236,6,7,13,42,61
130,5,0,0,3,18,27,1,7,1,8,4,11,19,25,28,36,0.03799384898902244,0.03240230811291639,0.21922537567777786,0.4569377509304673,0.4183718590554887,6,7,13,42,62
131,4,0,0,3,19,27,1,7,1,8,4,11,20,25,28,36,0.14851499163125972,0.01467328480228146,0.40698538598227446,0.35597124160079163,0.4279468522501458,6,7,13,43,62
132,5,0,0,3,19,28,1,7,1,8,4,11,20,25,29,36,0.07785620890338107,0.1393867498166958,0.40174693803398365,0.39260269096007816,0.3541779433128405,6,7,13,43,63
133,3,0,0,3,19,28,1,7,1,8,4,12,20,25,29,36,0.0569425045008027,0.00862659252450014,0.16949637687986382,0.32507283075275634,0.5575062553704224,6,7,14,43,63
134,5,0,0,3,19,28,1,7,1,8,4,12,20,25,29,37,0.01576192085448681,0.2292490631872222,0.3231602500226801,0.5143720525902974,0.5307582110426181,6,7,14,43,64
135,5,0,0,3,19,29,1,7,1,8,4,12,20,25,30,37,0.21485709540986253,0.1577148473774608,0.30461521342206754,0.5140149576584333,0.400303410639059,6,7,14,43,65
136,4,0,0,3,19,29,1,7,1,8,4,12,20,26,30,37,0.0070635895806634335,0.45533741011335355,0.19154051737566677,0.3967487607056462,0.35099567550078736,6,7,14,44,65
137,2,0,0,3,19,29,1,7,1,9,4,12,20,26,30,37,0.057595401232317975,0.0459274803858047,0.20032557408672513,0.3515474214293679,0.4237421651484789,6,8,14,44,65
138,5,0,0,3,19,29,1,7,1,9,4,12,20,26,30,38,0.1615006554400647,0.0022705042783336686,0.35067356350027645,0.48869098884966866,0.41711228484260665,6,8,14,44,66
139,4,0,0,3,19,29,1,7,1,9,4,12,20,27,30,38,0.025078741289176306,0.06436194319399195,0.06103555265891774,0.3300252335150967,0.5179492477448541,6,8,14,45,66
140,5,0,0,3,19,29,1,7,1,9,4,12,20,27,30,39,0.012794483565514183,0.121176650976692,0.31935800388251667,0.3443598925143229,0.35761429000539047,6,8,14,45,67
141,5,0,0,3,19,30,1,7,1,9,4,12,20,27,31,39,0.1716011277755966,0.0948456800833451,0.3596123734612864,0.4477277261179309,0.4869124059781791,6,8,14,45,68
142,5,0,0,3,19,31,1,7,1,9,4,12,20,27,32,39,0.0839600604928712,0.07832297604515291,0.303409085187389,0.3964448415227867,0.3318918357924081,6,8,14,45,69
143,4,0,0,3,19,31,1,7,1,9,4,12,20,28,32,39,0.23914233177905764,0.24943421428984658,0.21548996112419014,0.5062794852838899,0.4524028399958295,6,8,14,46,69
144,4,0,0,3,20,31,1,7,1,9,4,12,21,28,32,39,0.07564507237292241,0.04251388857560647,0.3321064448354652,0.37028144779350264,0.39843842348475816,6,8,14,47,69
145,5,0,0,3,20,31,1,7,1,9,4,12,21,28,32,40,0.45083228233102834,0.011285348670875942,0.3203082800461938,0.3704935879843233,0.4784849871279142,6,8,14,47,70
146,5,0,0,3,20,32,1,7,1,9,4,12,21,28,33,40,0.10008934535615499,0.05655346559704896,0.2887064151755533,0.33280799661467136,0.506915956613347,6,8,14,47,71
147,5,0,0,3,20,32,1,7,1,9,4,12,21,28,33,41,0.043293685565513454,0.04515364281551485,0.2669108663514105,0.5064620853562304,0.4446790277395299,6,8,14,47,72
148,4,0,0,3,20,32,1,7,1,9,4,12,21,29,33,41,0.3462025019904507,0.011240882581171136,0.2744165263291434,0.46360693125570035,0.4954169555454912,6,8,14,48,72
149,5,0,0,3,20,32,1,7,1,9,4,12,21,29,33,42,0.08331972391738679,0.019067807568438323,0.2807612268149945,0.4001621281151444,0.4146815136556701,6,8,14,48,73
150,5,0,0,3,20,32,1,7,1,9,4,12,21,29,33,43,0.14068140490298905,0.09250328319325496,0.25021664097774005,0.3787787560786907,0.3079531598128521,6,8,14,48,74
151,4,0,0,3,21,32,1,7,1,9,4,12,22,29,33,43,0.25900767110664147,0.23480174807907536,0.18296675507679194,0.4038678119017729,0.4519085183129334,6,8,14,49,74
152,5,0,0,3,21,33,1,7,1,9,4,12,22,29,34,43,0.2066615786133255,0.02764177284754222,0.19330836232394283,0.3569045680828892,0.4729108416414293,6,8,14,49,75
153,5,0,0,3,21,34,1,7,1,9,4,12,22,29,35,43,0.2674178195909766,0.07194407846663506,0.1458083631663772,0.518653144549548,0.5209463196371819,6,8,14,49,76
154,5,0,0,3,21,34,1,7,1,9,4,12,22,29,35,44,0.13240095719154865,0.17593743620638314,0.3043344865498632,0.2610544048889314,0.42302754994958075,6,8,14,49,77
155,5,0,0,3,21,34,1,7,1,9,4,12,22,29,35,45,0.13519350713433226,0.08251038857556757,0.24418431099735594,0.38726037020634646,0.38129631715646556,6,8,14,49,78
156,4,0,0,3,21,34,1,7,1,9,4,12,22,30,35,45,0.116813864783314,0.2967901365532072,0.06675828408680304,0.38358294446515023,0.43901131227804335,6,8,14,50,78
157,5,0,0,3,21,34,1,7,1,9,4,12,22,30,35,46,0.11468331238402375,0.1973806496184295,0.3545882849335458,0.5346683266975454,0.49632804592260804,6,8,14,50,79
158,4,0,0,3,21,34,1,7,1,9,4,12,22,31,35,46,0.13881135914067427,0.04603508477540707,0.21867334039739936,0.38545741661900845,0.3868402727844133,6,8,14,51,79
159,5,0,0,3,21,35,1,7,1,9,4,12,22,31,36,46,0.22923530121005084,0.1784300211945632,0.19167642937387083,0.2545340650430045,0.4288257060827868,6,8,14,51,80
160,5,0,0,3,21,35,1,7,1,9,4,12,22,31,36,47,0.025611673496859867,0.08812940925479264,0.10792017854924899,0.3768609455547174,0.5258926150743661,6,8,14,51,81
161,5,0,0,3,21,36,1,7,1,9,4,12,22,31,37,47,0.047152012597633144,0.007421615790549713,0.33213762810290715,0.34357016301451987,0.4591591308707729,6,8,14,51,82
162,5,0,0,3,21,36,1,7,1,9,4,12,22,31,37,48,0.3018990599662714,0.03816683628170591,0.16822078591669298,0.5321165896561926,0.39726715241585997,6,8,14,51,83
163,4,0,0,3,21,36,1,7,1,9,4,12,22,32,37,48,0.033683971063751934,0.2102653228150885,0.12347720632819219,0.33983781805689406,0.3928552689015012,6,8,14,52,83
164,5,0,0,3,21,36,1,7,1,9,4,12,22,32,37,49,0.040239442231591045,0.09385522817275037,0.2066671130555083,0.325559371385852,0.38310401976766323,6,8,14,52,84
165,5,0,0,3,21,36,1,7,1,9,4,12,22,32,37,50,0.08857433703220573,0.10590704207083977,0.20933000801965812,0.2756810793199678,0.37787186870799266,6,8,14,52,85
166,5,0,0,3,21,37,1,7,1,9,4,12,22,32,38,50,0.1136869338667535,0.015493305413937909,0.11483266288352935,0.4778517058057962,0.4751403593204197,6,8,14,52,86
167,4,0,0,3,21,37,1,7,1,9,4,12,22,33,38,50,0.09057507442294935,0.10014187516338009,0.31740192966970243,0.47955646290923226,0.5459672297599597,6,8,14,53,86
168,5,0,0,3,21,37,1,7,1,9,4,12,22,33,38,51,0.02846996513601963,0.16111400428716116,0.3422904436040562,0.3213803492793396,0.4361798640773503,6,8,14,53,87
169,5,0,0,3,21,38,1,7,1,9,4,12,22,33,39,51,4.9585888976838e-5,0.11758298532126028,0.30243509604703506,0.5493297132893196,0.40585991682596995,6,8,14,53,88
170,4,0,0,3,21,38,1,7,1,9,4,12,22,34,39,51,0.21239728811491215,0.0782165019456754,0.2909280484049142,0.3870538118145992,0.404392185100712,6,8,14,54,88
171,5,0,0,3,21,38,1,7,1,9,4,12,22,34,39,52,0.0701728673031283,0.004033522172261792,0.43609454184488816,0.3996769757388804,0.3511421893966838,6,8,14,54,89
172,3,0,0,4,21,38,1,7,1,9,5,12,22,34,39,52,0.3294315940491232,0.08453465039420296,0.2866684144774983,0.32387266190826075,0.4085658468359276,6,8,15,54,89
173,5,0,0,4,21,38,1,7,1,9,5,12,22,34,39,53,0.0022278398695704626,0.08494438462111395,0.4252664737854528,0.4589648323540847,0.44156447652772685,6,8,15,54,90
174,4,0,0,4,21,38,1,7,1,9,5,12,22,35,39,53,0.10201015989110278,0.206941588283327,0.2532189108449395,0.2965401955277933,0.5114693379283191,6,8,15,55,90
175,5,0,0,4,21,39,1,7,1,9,5,12,22,35,40,53,0.24023782594247334,0.10283376754182315,0.15862046560916496,0.4162156284538008,0.5632084821126078,6,8,15,55,91
176,5,0,0,4,21,40,1,7,1,9,5,12,22,35,41,53,0.22604857522793528,0.39102385599727224,0.348077146592375,0.531928912088862,0.4272964496224404,6,8,15,55,92
177,4,0,0,4,21,40,1,7,1,9,5,12,22,36,41,53,0.03038215031779933,0.006929609053524702,0.2526745716381279,0.3509173687392402,0.46768753066918595,6,8,15,56,92
178,5,0,0,4,21,41,1,7,1,9,5,12,22,36,42,53,0.07351885176835471,0.11872735422910538,0.24359636286281255,0.3496679653913301,0.43826927253565945,6,8,15,56,93
179,5,0,0,4,21,42,1,7,1,9,5,12,22,36,43,53,0.07040037977946503,0.03197696847140823,0.23748013946467955,0.40723706242950297,0.45694961657827887,6,8,15,56,94
180,5,0,0,4,21,43,1,7,1,9,5,12,22,36,44,53,0.07715368337406989,0.109153450495819,0.32994179358981357,0.28205415377657955,0.4407640181674785,6,8,15,56,95
181,5,0,0,4,21,43,1,7,1,9,5,12,22,36,44,54,0.40823759961288136,0.17138025533929563,0.3067511764263579,0.3068677812313316,0.38878617751432243,6,8,15,56,96
182,1,0,0,4,21,43,1,8,1,9,5,12,22,36,44,54,0.022750120020471196,0.039784419497326924,0.3009423047651933,0.35540178742756356,0.3816921444896659,7,8,15,56,96
183,5,0,0,4,21,44,1,8,1,9,5,12,22,36,45,54,0.04800500146165851,0.1917710249382532,0.3127573608885237,0.39506325389466007,0.39965527591650457,7,8,15,56,97
184,5,0,0,4,21,44,1,8,1,9,5,12,22,36,45,55,0.04977979789139019,0.03512104992556119,0.17179190498838048,0.3799358507218264,0.3387611667381536,7,8,15,56,98
185,4,0,0,4,22,44,1,8,1,9,5,12,23,36,45,55,0.09476996396552519,0.037174274782905616,0.3493396456440352,0.3828065433753179,0.43689168743562423,7,8,15,57,98
186,5,0,0,4,22,45,1,8,1,9,5,12,23,36,46,55,0.03257105722038985,0.013956814812386911,0.1842926712573033,0.43317894969951387,0.3252491071093126,7,8,15,57,99
187,4,0,0,4,22,45,1,8,1,9,5,12,23,37,46,55,0.05862311482631519,0.36555527124101034,0.40774670904869537,0.4002488641110453,0.4363935674651319,7,8,15,58,99
188,5,0,0,4,22,45,1,8,1,9,5,12,23,37,46,56,0.0875885023347621,0.01426883219855126,0.4668084595741728,0.47605213785674927,0.4634709105347737,7,8,15,58,100
189,4,0,0,4,22,45,1,8,1,9,5,12,23,38,46,56,0.09181620066387054,0.02221473736488081,0.1809471286859873,0.4481128711306358,0.5146139866344099,7,8,15,59,100
190,5,0,0,4,22,46,1,8,1,9,5,12,23,38,47,56,0.2926040300609116,0.07186704338482432,0.2022960139068501,0.3116138688470823,0.5037917087321694,7,8,15,59,101
191,5,0,0,4,22,47,1,8,1,9,5,12,23,38,48,56,0.1270953997282884,0.2725737669754173,0.290262183658147,0.33393340633194624,0.4582848487694702,7,8,15,59,102
192,5,0,0,4,22,48,1,8,1,9,5,12,23,38,49,56,0.018654545291970883,0.08224810303782995,0.43132975024980824,0.3041743597460256,0.47423986536139173,7,8,15,59,103
193,5,0,0,4,22,48,1,8,1,9,5,12,23,38,49,57,0.14536603119688532,0.06022057575505819,0.4284980346108303,0.3733588442415956,0.4593859220599221,7,8,15,59,104
194,5,0,0,4,22,48,1,8,1,9,5,12,23,38,49,58,0.21932106834251852,0.06179914139180041,0.42164050394707653,0.41751712860095547,0.3763178841910138,7,8,15,59,105
195,3,0,0,5,22,48,1,8,1,9,6,12,23,38,49,58,0.08199066822717578,0.011428521324906848,0.25229100005877175,0.40043611184440137,0.5181275689458626,7,8,16,59,105
196,5,0,0,5,22,49,1,8,1,9,6,12,23,38,50,58,0.12258468222357176,0.004876410526980395,0.5452841635210975,0.4300864737541615,0.4797308197962045,7,8,16,59,106
197,3,0,0,5,22,49,1,8,1,9,6,13,23,38,50,58,0.05975836287085246,0.006376642047861452,0.4119123933409629,0.36513542325036846,0.3849040463496837,7,8,17,59,106
198,3,0,0,6,22,49,1,8,1,9,7,13,23,38,50,58,0.0062524589348105985,0.1543716782552092,0.2550023776105574,0.35938094033543616,0.4390848115554725,7,8,18,59,106
199,5,0,0,6,22,49,1,8,1,9,7,13,23,38,50,59,0.06668019206799862,0.03251958156929119,0.21928514178797587,0.41691390748450385,0.40262574421758074,7,8,18,59,107
200,4,0,0,6,23,49,1,8,1,9,7,13,24,38,50,59,0.031077240359679587,0.193456067719816,0.4370413528810574,0.42055358353206135,0.43453498293928655,7,8,18,60,107
201,3,0,0,7,23,49,1,8,1,9,8,13,24,38,50,59,0.19228541276047945,0.04861973293821632,0.41649275523403345,0.3585988280695856,0.49698921580950534,7,8,19,60,107
202,5,0,0,7,23,49,1,8,1,9,8,13,24,38,50,60,0.13601374573634148,0.08371194364513358,0.4612119768147765,0.2448218849059615,0.48560128999862096,7,8,19,60,108
203,5,0,0,7,23,50,1,8,1,9,8,13,24,38,51,60,0.3710452345656255,5.713887272253856e-4,0.350772049448746,0.4102878119132378,0.4535382586802309,7,8,19,60,109
204,5,0,0,7,23,51,1,8,1,9,8,13,24,38,52,60,0.06693722766855847,0.08561442736575928,0.3144320289691556,0.3968637171301295,0.42334254770513396,7,8,19,60,110
205,5,0,0,7,23,52,1,8,1,9,8,13,24,38,53,60,0.018042630996875766,0.1361821411054697,0.4395755021845762,0.3727882996980463,0.4896914849317949,7,8,19,60,111
206,5,0,0,7,23,52,1,8,1,9,8,13,24,38,53,61,0.052429872018626214,0.09427490090208845,0.32527731634937107,0.38572149296858493,0.41461623882268867,7,8,19,60,112
207,5,0,0,7,23,52,1,8,1,9,8,13,24,38,53,62,0.014798157451500307,0.05183208916565037,0.46896856264437675,0.41853660435955264,0.5550802827049506,7,8,19,60,113
208,5,0,0,7,23,53,1,8,1,9,8,13,24,38,54,62,0.08299096658860707,0.027298031851184144,0.31543994927444674,0.416455146173523,0.45468253219095195,7,8,19,60,114
209,5,0,0,7,23,53,1,8,1,9,8,13,24,38,54,63,0.3825844973204448,0.054579175476476026,0.5100796452051147,0.3977684643088728,0.48533172225372623,7,8,19,60,115
210,3,0,0,7,23,53,1,8,1,9,8,14,24,38,54,63,0.12966973852873892,0.10895686320907333,0.15372535640523025,0.32783201316916555,0.5007343800373487,7,8,20,60,115
211,5,0,0,7,23,54,1,8,1,9,8,14,24,38,55,63,0.0998851952278155,0.0995151578999785,0.2976993105884832,0.40015631508412547,0.5357823143309763,7,8,20,60,116
212,5,0,0,7,23,55,1,8,1,9,8,14,24,38,56,63,0.021303406602357425,0.010281202452594682,0.5117803399382904,0.2906928641568362,0.5003507928467565,7,8,20,60,117
213,3,0,0,8,23,55,1,8,1,9,9,14,24,38,56,63,0.098197903601977,0.1486962849339419,0.43916552041021034,0.39298229651832944,0.4270785629760881,7,8,21,60,117
214,3,0,0,8,23,55,1,8,1,9,9,15,24,38,56,63,0.04189602498897169,0.018709503317989148,0.32677209904687654,0.46288652706336025,0.5478405141818711,7,8,22,60,117
215,5,0,0,8,23,56,1,8,1,9,9,15,24,38,57,63,0.050966336329138065,0.2007200042609486,0.28331614164663,0.3740570544085123,0.3834764299142387,7,8,22,60,118
216,5,0,0,8,23,56,1,8,1,9,9,15,24,38,57,64,0.16995751619630697,0.04750482685809948,0.3622202285164951,0.473185165952789,0.4586822118511102,7,8,22,60,119
217,4,0,0,8,24,56,1,8,1,9,9,15,25,38,57,64,0.03058287298692636,0.19656565773591272,0.6796180462461724,0.4622757650647912,0.48133020310359625,7,8,22,61,119
218,3,0,0,8,24,56,1,8,1,9,9,16,25,38,57,64,0.18411153560355648,0.006731368356981749,0.2809475360083129,0.417399894462489,0.5088493659468197,7,8,23,61,119
219,5,0,0,8,24,57,1,8,1,9,9,16,25,38,58,64,0.002113154320535411,0.2623828446103789,0.2003284160596103,0.44115004092603644,0.502825585401598,7,8,23,61,120
220,5,0,0,8,24,58,1,8,1,9,9,16,25,38,59,64,0.03895234233758306,0.21189085008122308,0.5099544942144901,0.5178822371088888,0.5464569944739114,7,8,23,61,121
221,5,0,0,8,24,58,1,8,1,9,9,16,25,38,59,65,0.24175128746686805,0.06849762197171559,0.4780635194091375,0.34696367552421437,0.44508068894124503,7,8,23,61,122
222,3,0,0,8,24,58,1,8,1,9,9,17,25,38,59,65,0.06272143641114332,0.15733431572682074,0.2412819696705358,0.3696706626238109,0.42297087579862835,7,8,24,61,122
223,5,0,0,8,24,59,1,8,1,9,9,17,25,38,60,65,0.3478811059588282,0.07302220626919982,0.4105222373217133,0.3348075542675559,0.49283748554404727,7,8,24,61,123
224,5,0,0,8,24,60,1,8,1,9,9,17,25,38,61,65,0.11213318539570895,0.011988057331461565,0.3757913945853441,0.36907203619916173,0.4978468396164633,7,8,24,61,124
225,5,0,0,8,24,61,1,8,1,9,9,17,25,38,62,65,0.10165230602241306,0.048376880212867776,0.2615222870727547,0.31924266813647195,0.5108778904163177,7,8,24,61,125
226,5,0,0,8,24,61,1,8,1,9,9,17,25,38,62,66,0.0869360348481992,0.05073487516707153,0.3754604220287593,0.4030900042194681,0.5306900782927816,7,8,24,61,126
227,5,0,0,8,24,62,1,8,1,9,9,17,25,38,63,66,0.14197094697518656,0.057099148779387134,0.316835376900685,0.30657673592907925,0.5333905646568352,7,8,24,61,127
228,5,0,0,8,24,62,1,8,1,9,9,17,25,38,63,67,0.08547113740148582,0.06237136050351577,0.3098511417741816,0.43500221959966623,0.5222834238909448,7,8,24,61,128
229,5,0,0,8,24,62,1,8,1,9,9,17,25,38,63,68,0.32199195339911474,0.1711579217714481,0.2996705497222565,0.27323018343973504,0.44326407964590997,7,8,24,61,129
230,5,0,0,8,24,62,1,8,1,9,9,17,25,38,63,69,0.03243818485346796,0.17383068644029692,0.25320730198650915,0.36016527053724695,0.485497579502786,7,8,24,61,130
231,5,0,0,8,24,62,1,8,1,9,9,17,25,38,63,70,0.2485908126674237,0.06814486973227857,0.37221466739535075,0.4519966280790483,0.5123849655664955,7,8,24,61,131
232,5,0,0,8,24,63,1,8,1,9,9,17,25,38,64,70,0.021463280751854528,0.051887103038595915,0.3423476706406674,0.455675858958078,0.477046769436703,7,8,24,61,132
233,5,0,0,8,24,63,1,8,1,9,9,17,25,38,64,71,0.01782890098084226,0.05439861518748298,0.33625765814268693,0.2777836882206866,0.5657592776247528,7,8,24,61,133
234,5,0,0,8,24,64,1,8,1,9,9,17,25,38,65,71,0.10139147334478855,0.10779472593042431,0.4681164992178144,0.3993376421407896,0.4845620355037835,7,8,24,61,134
235,5,0,0,8,24,65,1,8,1,9,9,17,25,38,66,71,0.1042323005916907,0.1481401390226932,0.2011826032890377,0.4644577638252994,0.5108613058527097,7,8,24,61,135
236,5,0,0,8,24,65,1,8,1,9,9,17,25,38,66,72,0.07242494996264082,0.05780946637830384,0.3506211295017226,0.4823420965668908,0.4801456996334244,7,8,24,61,136
237,4,0,0,8,24,65,1,8,1,9,9,17,25,39,66,72,0.004884146997895739,0.04457076426578308,0.43735425387243493,0.32562999741162274,0.5057034390291276,7,8,24,62,136
238,5,0,0,8,24,65,1,8,1,9,9,17,25,39,66,73,0.14851235613872066,0.00788159073045559,0.34696967105826415,0.37505604519307517,0.5290783954354599,7,8,24,62,137
239,5,0,0,8,24,66,1,8,1,9,9,17,25,39,67,73,0.15174064139731402,0.16528886743481927,0.2877502032102395,0.33444077842631903,0.5308921063168544,7,8,24,62,138
240,5,0,0,8,24,67,1,8,1,9,9,17,25,39,68,73,0.09603311814746598,0.01771399751110127,0.23882965753249163,0.3686653718579267,0.44935507194585383,7,8,24,62,139
241,5,0,0,8,24,68,1,8,1,9,9,17,25,39,69,73,0.0014909251947307215,0.036923124065690045,0.2592261718192412,0.4027887800004156,0.4884043291608566,7,8,24,62,140
242,5,0,0,8,24,68,1,8,1,9,9,17,25,39,69,74,0.10917884380323502,0.33058177705887853,0.43572762486192856,0.4625233565566866,0.5037412374739301,7,8,24,62,141
243,5,0,0,8,24,69,1,8,1,9,9,17,25,39,70,74,0.04249205459004489,0.028926435678824164,0.4452054905044669,0.3489863938042572,0.4967303785584054,7,8,24,62,142
244,5,0,0,8,24,69,1,8,1,9,9,17,25,39,70,75,0.09900524475779278,0.1895774834361271,0.2581151304251051,0.3840838278515538,0.44249809348342506,7,8,24,62,143
245,5,0,0,8,24,70,1,8,1,9,9,17,25,39,71,75,0.06665513363615855,0.00836427620629783,0.4523895332938151,0.32879139186810297,0.4925210261280603,7,8,24,62,144
246,5,0,0,8,24,70,1,8,1,9,9,17,25,39,71,76,0.034694860806616275,0.2118560479306077,0.38175879921722866,0.48673706302587305,0.4964801054165363,7,8,24,62,145
247,5,0,0,8,24,71,1,8,1,9,9,17,25,39,72,76,0.08763365102795503,0.011028551902293059,0.2046297000579339,0.32876453700241065,0.47775277342956335,7,8,24,62,146
248,5,0,0,8,24,72,1,8,1,9,9,17,25,39,73,76,0.0314354800410318,0.06751344556374349,0.32495951734474154,0.35874891441348167,0.5527148070763256,7,8,24,62,147
249,5,0,0,8,24,72,1,8,1,9,9,17,25,39,73,77,0.08291224763242092,0.1637769731105072,0.32932470035529493,0.460948551732023,0.4845724480290025,7,8,24,62,148
250,5,0,0,8,24,72,1,8,1,9,9,17,25,39,73,78,0.009519760976419163,0.2039949171105311,0.18949839835035573,0.38317028769481226,0.4954734227023702,7,8,24,62,149
251,5,0,0,8,24,73,1,8,1,9,9,17,25,39,74,78,0.0455099209821218,0.25040621073513464,0.29741922887055305,0.38891436445446337,0.4454656660294565,7,8,24,62,150
252,5,0,0,8,24,73,1,8,1,9,9,17,25,39,74,79,0.05922282700424028,0.1635972424891657,0.41312678932345775,0.4008647962112722,0.44797920605465086,7,8,24,62,151
253,5,0,0,8,24,73,1,8,1,9,9,17,25,39,74,80,0.11659200328447432,0.038703250722203715,0.3674386389533659,0.3871466047763236,0.4557758451967851,7,8,24,62,152
254,5,0,0,8,24,73,1,8,1,9,9,17,25,39,74,81,0.1860404210405571,0.01149837753206059,0.4504821459834874,0.34703555721063284,0.4450009383561055,7,8,24,62,153
255,3,0,0,8,24,73,1,8,1,9,9,18,25,39,74,81,0.2750854113731046,0.03642137058558297,0.43307288146794193,0.3879259145916318,0.47556430485050094,7,8,25,62,153
256,5,0,0,8,24,74,1,8,1,9,9,18,25,39,75,81,0.09119013518141555,0.3879063929834686,0.31305357633180886,0.3359720668548402,0.4789670402890613,7,8,25,62,154
257,5,0,0,8,24,75,1,8,1,9,9,18,25,39,76,81,0.17231688604436748,0.07761560974873462,0.16352130605728876,0.4517509211564935,0.510094182117245,7,8,25,62,155
258,5,0,0,8,24,75,1,8,1,9,9,18,25,39,76,82,0.07390053877498923,0.24110618898735328,0.321108255812526,0.41851980501921604,0.5290141888530884,7,8,25,62,156
259,5,0,0,8,24,76,1,8,1,9,9,18,25,39,77,82,0.16913750391167529,0.20779469039721254,0.399782783687775,0.30524671244379825,0.47931875756599,7,8,25,62,157
260,5,0,0,8,24,76,1,8,1,9,9,18,25,39,77,83,0.061015874918219755,0.17874640577641931,0.41330995258376857,0.41440295109204195,0.489961096252192,7,8,25,62,158
261,5,0,0,8,24,76,1,8,1,9,9,18,25,39,77,84,0.15433203739210638,0.004147599230289859,0.4033326450166061,0.402171424012126,0.5373953305820994,7,8,25,62,159
262,5,0,0,8,24,76,1,8,1,9,9,18,25,39,77,85,0.22889975829926024,0.1405239288846221,0.399256383671672,0.34733563459033817,0.5303938724592164,7,8,25,62,160
263,5,0,0,8,24,77,1,8,1,9,9,18,25,39,78,85,0.006180830372663651,0.06808269971406225,0.3438380193030031,0.3984553892628023,0.5374482707075208,7,8,25,62,161
264,5,0,0,8,24,78,1,8,1,9,9,18,25,39,79,85,0.08225680031186974,0.1017845193083883,0.3493505252152016,0.44167494038457566,0.4641341896032611,7,8,25,62,162
265,5,0,0,8,24,78,1,8,1,9,9,18,25,39,79,86,0.0017365657873602309,0.04868926994359664,0.3253793567292665,0.37381059173125675,0.5086313302673164,7,8,25,62,163
266,5,0,0,8,24,79,1,8,1,9,9,18,25,39,80,86,0.051344127161594456,0.1549080965511114,0.30736847311101323,0.260471140004188,0.46824440235086545,7,8,25,62,164
267,5,0,0,8,24,80,1,8,1,9,9,18,25,39,81,86,0.016723704023989434,0.02404881912080812,0.4419590860040765,0.36110214079374264,0.47273877393596564,7,8,25,62,165
268,5,0,0,8,24,81,1,8,1,9,9,18,25,39,82,86,0.07901705872147849,0.22855976307309792,0.4089368875330564,0.37305478955176147,0.4887918415433383,7,8,25,62,166
269,5,0,0,8,24,81,1,8,1,9,9,18,25,39,82,87,0.023014005816111772,0.0024556553833069332,0.5265175785808062,0.3688161779030346,0.5249531727963215,7,8,25,62,167
270,3,0,0,9,24,81,1,8,1,9,10,18,25,39,82,87,0.011158226127064942,0.056345772654310865,0.3464987473876234,0.45970966479984804,0.5417372809675761,7,8,26,62,167
271,5,0,0,9,24,81,1,8,1,9,10,18,25,39,82,88,0.00766400172937215,0.1834699378865483,0.5047940452373236,0.43960014008890785,0.4783161116428446,7,8,26,62,168
272,3,0,0,10,24,81,1,8,1,9,11,18,25,39,82,88,0.075936476259609,0.059520177419488375,0.47037250833339833,0.3646543428072865,0.5329250402474944,7,8,27,62,168
273,5,0,0,10,24,81,1,8,1,9,11,18,25,39,82,89,0.09395650734487329,0.07706089800705855,0.46627321299431473,0.39165634246960307,0.490374872658313,7,8,27,62,169
274,5,0,0,10,24,81,1,8,1,9,11,18,25,39,82,90,0.053853454644570586,0.1730935829402978,0.48125269206968746,0.344576059755831,0.47648489147872153,7,8,27,62,170
275,3,0,0,10,24,81,1,8,1,9,11,19,25,39,82,90,0.08535128264170394,0.08853245104485767,0.19135582810605412,0.403651608691841,0.46973796401220375,7,8,28,62,170
276,5,0,0,10,24,81,1,8,1,9,11,19,25,39,82,91,0.01574770717940134,0.02345339518985195,0.44453101567236664,0.38636483390334014,0.42090653778566633,7,8,28,62,171
277,3,0,0,11,24,81,1,8,1,9,12,19,25,39,82,91,0.17682813295108624,0.10630233481032197,0.41850580369351886,0.29609202688261066,0.5149297665309179,7,8,29,62,171
278,5,0,0,11,24,82,1,8,1,9,12,19,25,39,83,91,0.03851021927627266,0.05488345177728931,0.4526155497911778,0.324877559096035,0.5030917026598508,7,8,29,62,172
279,5,0,0,11,24,83,1,8,1,9,12,19,25,39,84,91,0.017290021451088638,0.11447398997996967,0.540334337286917,0.3329548668719376,0.4213968062975566,7,8,29,62,173
280,3,0,0,11,24,83,1,8,1,9,12,20,25,39,84,91,0.03385557897849724,0.021638836253913572,0.5055888407397451,0.34421770221334536,0.5606837447377185,7,8,30,62,173
281,5,0,0,11,24,84,1,8,1,9,12,20,25,39,85,91,0.11513077485224411,0.19492470762710898,0.35031625123790605,0.4257594142181142,0.4449248561987835,7,8,30,62,174
282,5,0,0,11,24,85,1,8,1,9,12,20,25,39,86,91,0.24358002547643343,0.08172217620189487,0.29775415228208213,0.44063556986700037,0.5051288517410938,7,8,30,62,175
283,5,0,0,11,24,86,1,8,1,9,12,20,25,39,87,91,0.006281787047160734,0.09936236572216403,0.5426067317456607,0.34726582874640305,0.4961518834444429,7,8,30,62,176
284,3,0,0,12,24,86,1,8,1,9,13,20,25,39,87,91,0.0445288047816484,0.10607420649148126,0.27300504701921957,0.4906965093389668,0.4710256728816283,7,8,31,62,176
285,4,0,0,12,24,86,1,8,1,9,13,20,25,40,87,91,0.1051964338405831,0.28641959058163496,0.39762253925436064,0.49232415756605635,0.48737378395966463,7,8,31,63,176
286,4,0,0,12,25,86,1,8,1,9,13,20,26,40,87,91,0.05800215203366319,0.2091318952869818,0.2804302914085923,0.39976919970682667,0.47084187043945713,7,8,31,64,176
287,5,0,0,12,25,86,1,8,1,9,13,20,26,40,87,92,0.07199638238215052,0.21363740698440298,0.568888720044637,0.38204936638192893,0.5200070258410643,7,8,31,64,177
288,3,0,0,12,25,86,1,8,1,9,13,21,26,40,87,92,0.008890084792261421,0.1549449264445082,0.3676142900032704,0.3873123576140352,0.4578550462271392,7,8,32,64,177
289,5,0,0,12,25,86,1,8,1,9,13,21,26,40,87,93,0.05622821388028473,0.11169997316367306,0.3190211977764409,0.3387523632417124,0.502224112368148,7,8,32,64,178
290,5,0,0,12,25,86,1,8,1,9,13,21,26,40,87,94,0.037079542197147854,0.1904687163668859,0.3580228141633441,0.4187520719695189,0.465141759301901,7,8,32,64,179
291,5,0,0,12,25,86,1,8,1,9,13,21,26,40,87,95,0.24227351514650308,0.015541047959262972,0.3954089822214104,0.469262439700745,0.5218319816426763,7,8,32,64,180
292,5,0,0,12,25,86,1,8,1,9,13,21,26,40,87,96,0.013354054453260045,0.08571079379482305,0.5365123994262407,0.5092392194092095,0.4622311840166186,7,8,32,64,181
293,3,0,0,12,25,86,1,8,1,9,13,22,26,40,87,96,0.09294628254999772,0.1094862551211363,0.5191200588416937,0.4376712630544711,0.5097248813997877,7,8,33,64,181
294,3,0,0,12,25,86,1,8,1,9,13,23,26,40,87,96,0.023757525257161686,0.006784645978683368,0.4986979133040232,0.3734237636422888,0.5606514252557891,7,8,34,64,181
295,5,0,0,12,25,86,1,8,1,9,13,23,26,40,87,97,0.052678429252790454,0.09907929398281716,0.4325942484788617,0.3306554825345481,0.4534947927931219,7,8,34,64,182
296,5,0,0,12,25,87,1,8,1,9,13,23,26,40,88,97,0.04430076328232044,0.09674605305096277,0.3216264159781331,0.3947050728044276,0.47925097254598564,7,8,34,64,183
297,5,0,0,12,25,87,1,8,1,9,13,23,26,40,88,98,0.14730393605626768,0.0011248591726247229,0.3064136521941842,0.3745884258867521,0.4252681274111305,7,8,34,64,184
298,5,0,0,12,25,87,1,8,1,9,13,23,26,40,88,99,0.28738363947263995,0.017545749366368178,0.4373000665416148,0.34410388979704026,0.42958448279668504,7,8,34,64,185
299,3,0,0,12,25,87,1,8,1,9,13,24,26,40,88,99,0.05950448690208023,0.13515437121079094,0.3920874131392347,0.4102442320519335,0.4795897795551695,7,8,35,64,185
300,5,0,0,12,25,87,1,8,1,9,13,24,26,40,88,100,0.1407642442587843,0.11800011316298749,0.41824155857409817,0.4026230533642911,0.5111148274055876,7,8,35,64,186
301,5,0,0,12,25,88,1,8,1,9,13,24,26,40,89,100,0.0832853436636641,0.009571448424182874,0.2872865071858606,0.4143218568326231,0.47379361717173063,7,8,35,64,187
302,5,0,0,12,25,88,1,8,1,9,13,24,26,40,89,101,0.06670721340736263,0.22336601036138654,0.41827121672830503,0.3624978590190693,0.5095822888817204,7,8,35,64,188
303,5,0,0,12,25,88,1,8,1,9,13,24,26,40,89,102,0.11285336036415924,0.1572284124659322,0.5081451199424163,0.3796623196292626,0.44736802135336684,7,8,35,64,189
304,3,0,0,12,25,88,1,8,1,9,13,25,26,40,89,102,0.02720703274487565,0.010273022579144203,0.25974264758003635,0.4637107536218135,0.5122907962868394,7,8,36,64,189
305,5,0,0,12,25,88,1,8,1,9,13,25,26,40,89,103,0.0017976467106693794,0.10791881991145207,0.22990022881539743,0.3515588770615312,0.45792805129141245,7,8,36,64,190
306,5,0,0,12,25,88,1,8,1,9,13,25,26,40,89,104,0.037550875690997576,0.09788056251594246,0.20765491353737808,0.42973470369780475,0.45149294111428057,7,8,36,64,191
307,5,0,0,12,25,88,1,8,1,9,13,25,26,40,89,105,0.06548025726942679,0.04136811624710649,0.15840554303018875,0.3626956799413033,0.4622192040842691,7,8,36,64,192
308,5,0,0,12,25,88,1,8,1,9,13,25,26,40,89,106,0.22262785016006842,0.02368508251073179,0.42052832835645965,0.4321887736256326,0.4234994950079497,7,8,36,64,193
309,4,0,0,12,26,88,1,8,1,9,13,25,27,40,89,106,0.04873109267091285,0.17832231437621165,0.24558677371138224,0.37953958327498527,0.4296226760731492,7,8,36,65,193
310,5,0,0,12,26,88,1,8,1,9,13,25,27,40,89,107,0.17554121342172632,0.12159201023217997,0.40008271786266864,0.4283214268474192,0.45478149513727645,7,8,36,65,194
311,5,0,0,12,26,88,1,8,1,9,13,25,27,40,89,108,0.0792128557194659,0.06924204957417274,0.3922886602247506,0.36326976549995127,0.4343627142868818,7,8,36,65,195
312,5,0,0,12,26,88,1,8,1,9,13,25,27,40,89,109,0.17958030130626365,0.14877049947407311,0.2786783699772432,0.35031224847056,0.4383273902825006,7,8,36,65,196
313,5,0,0,12,26,88,1,8,1,9,13,25,27,40,89,110,0.03738250228477566,0.053353569889339765,0.40224648173943667,0.35179421545681977,0.40498343558828487,7,8,36,65,197
314,5,0,0,12,26,89,1,8,1,9,13,25,27,40,90,110,0.051101337317878595,0.3908852485330167,0.34636221364864284,0.48708012425251723,0.4346886166677056,7,8,36,65,198
315,4,0,0,12,27,89,1,8,1,9,13,25,28,40,90,110,0.10745705820227673,0.053649846331644296,0.29938174160196535,0.4679564299486575,0.458952034153861,7,8,36,66,198
316,4,0,0,12,28,89,1,8,1,9,13,25,29,40,90,110,0.0732335893006967,0.10653342591267134,0.2983792796027404,0.3551784408393573,0.501089430020898,7,8,36,67,198
317,5,0,0,12,28,89,1,8,1,9,13,25,29,40,90,111,0.07025286103739682,0.009121685636667373,0.25075180096042604,0.4090310881777387,0.4891914515328072,7,8,36,67,199
318,5,0,0,12,28,90,1,8,1,9,13,25,29,40,91,111,0.029128543133024147,0.13655664560396963,0.4496663305698115,0.5228185054854485,0.4354613201363462,7,8,36,67,200
319,4,0,0,12,28,90,1,8,1,9,13,25,29,41,91,111,0.07350994889098722,0.16675435923757911,0.2912320487672027,0.4721286735597117,0.4562757541794913,7,8,36,68,200
320,4,0,0,12,29,90,1,8,1,9,13,25,30,41,91,111,0.13059036119507167,0.0654822346300162,0.3080304060659204,0.42192376706077817,0.45252528553681765,7,8,36,69,200
321,5,0,0,12,29,90,1,8,1,9,13,25,30,41,91,112,0.034132257208342634,0.054257545948665754,0.36271965451722876,0.5394085018075307,0.5038994109019428,7,8,36,69,201
322,4,0,0,12,29,90,1,8,1,9,13,25,30,42,91,112,0.04734778521976055,0.06319596352468848,0.31293865840063895,0.48997259087919354,0.44238668365656947,7,8,36,70,201
323,4,0,0,12,29,90,1,8,1,9,13,25,30,43,91,112,0.11582783183410185,0.1624040666635079,0.2564969294376956,0.5450322644225604,0.3941282620964449,7,8,36,71,201
324,4,0,0,12,30,90,1,8,1,9,13,25,31,43,91,112,0.13707509795619593,0.0018178435069905751,0.2805682311539069,0.39454087551402345,0.4291604010678336,7,8,36,72,201
325,5,0,0,12,30,90,1,8,1,9,13,25,31,43,91,113,0.025854053083710346,0.0849386552785963,0.2458495288576592,0.3773150005733545,0.42131961363019005,7,8,36,72,202
326,5,0,0,12,30,90,1,8,1,9,13,25,31,43,91,114,0.13503329825251606,0.08919821080407188,0.23977189403927673,0.44258553224782043,0.42789590039685116,7,8,36,72,203
327,4,0,0,12,31,90,1,8,1,9,13,25,32,43,91,114,0.0356169774742131,0.0644921488209166,0.5060607210841818,0.4179093398498519,0.46798281797328367,7,8,36,73,203
328,3,0,0,12,31,90,1,8,1,9,13,26,32,43,91,114,0.15646450992633537,0.03496805511073435,0.33620591363387126,0.5117055904077245,0.3745700769752651,7,8,37,73,203
329,4,0,0,12,32,90,1,8,1,9,13,26,33,43,91,114,0.3222853078885811,0.14067575499885504,0.4094023709152186,0.39560935752859555,0.4822189099132147,7,8,37,74,203
330,5,0,0,12,32,91,1,8,1,9,13,26,33,43,92,114,0.035859065842025306,0.1073517427620907,0.3060069392385445,0.45896242460054887,0.4683113470327194,7,8,37,74,204
331,5,0,0,12,32,91,1,8,1,9,13,26,33,43,92,115,0.13824615661429807,0.012961225782788919,0.34024456713118384,0.433194463069977,0.3992895492018636,7,8,37,74,205
332,4,0,0,12,33,91,1,8,1,9,13,26,34,43,92,115,0.1382401378455171,0.0075915824331976795,0.3257664682420489,0.47985817872016967,0.44787500317416,7,8,37,75,205
333,4,0,0,12,34,91,1,8,1,9,13,26,35,43,92,115,0.061902602756793476,0.12110475605180135,0.3794190737615009,0.5419602356421106,0.452930669831147,7,8,37,76,205
334,4,0,0,12,34,91,1,8,1,9,13,26,35,44,92,115,0.12147272206472365,0.020007888358345494,0.2744277469135266,0.4529304974959364,0.45636384607140645,7,8,37,77,205
335,5,0,0,12,34,91,1,8,1,9,13,26,35,44,92,116,0.06251398603615003,0.009320204913934989,0.31890614432594433,0.4244281703025485,0.46898075424925306,7,8,37,77,206
336,5,0,0,12,34,91,1,8,1,9,13,26,35,44,92,117,0.06755413490188086,0.023562662751926478,0.5385441031579555,0.4022947216520327,0.44484844228302267,7,8,37,77,207
337,3,0,0,12,34,91,1,8,1,9,13,27,35,44,92,117,0.23711244271422888,0.010880954883001556,0.37149604545022097,0.4534489034047244,0.44313623377178013,7,8,38,77,207
338,4,0,0,12,35,91,1,8,1,9,13,27,36,44,92,117,0.1867356487688701,0.1376404868444465,0.3482045109697952,0.47773804162295097,0.43469833087316095,7,8,38,78,207
339,4,0,0,12,35,91,1,8,1,9,13,27,36,45,92,117,0.13420946575902565,0.04824287534617505,0.2929692379643511,0.525824354394343,0.41397676466197536,7,8,38,79,207
340,4,0,0,12,35,91,1,8,1,9,13,27,36,46,92,117,0.04444599739215318,0.03044630569223486,0.34928492107266,0.5073951821607079,0.409628713547257,7,8,38,80,207
341,4,0,0,12,36,91,1,8,1,9,13,27,37,46,92,117,0.02108122430079084,0.19919281537322836,0.2879163063421841,0.43140976028031935,0.4214771836043733,7,8,38,81,207
342,4,0,0,12,36,91,1,8,1,9,13,27,37,47,92,117,0.304418484872854,0.21833472823042668,0.3145223235440885,0.41573897931488146,0.4671916820762059,7,8,38,82,207
343,5,0,0,12,36,92,1,8,1,9,13,27,37,47,93,117,0.0632794655278919,0.09386821756116961,0.3602859107061012,0.4222460033571992,0.46521083943468877,7,8,38,82,208
344,5,0,0,12,36,93,1,8,1,9,13,27,37,47,94,117,0.04183257058709043,0.049255541493880645,0.2714856079371009,0.3775567293798754,0.4112280134176711,7,8,38,82,209
345,5,0,0,12,36,93,1,8,1,9,13,27,37,47,94,118,0.0260220444865057,0.031519987206156515,0.39003741100261746,0.3771134768871314,0.5182116203412764,7,8,38,82,210
346,5,0,0,12,36,93,1,8,1,9,13,27,37,47,94,119,0.32579867444486504,0.07940684418142491,0.3458401268599673,0.461060607062478,0.4633834219299603,7,8,38,82,211
347,5,0,0,12,36,93,1,8,1,9,13,27,37,47,94,120,0.044970481756949815,0.08285446968270965,0.3250413219138176,0.4128145710907836,0.4040384195622744,7,8,38,82,212
348,4,0,0,12,36,93,1,8,1,9,13,27,37,48,94,120,0.2257736674772214,0.13903573040300304,0.22869492375313905,0.49507944101979645,0.43388634030506945,7,8,38,83,212
349,4,0,0,12,36,93,1,8,1,9,13,27,37,49,94,120,0.01790069585823763,0.3344767792998585,0.38632410580306464,0.41955035232337107,0.4633269223096685,7,8,38,84,212
350,5,0,0,12,36,94,1,8,1,9,13,27,37,49,95,120,0.07148295879702642,0.22606841166909633,0.3971859075817232,0.3715522124587648,0.4217359129400001,7,8,38,84,213
351,5,0,0,12,36,95,1,8,1,9,13,27,37,49,96,120,0.23581714345637148,0.05461892542831841,0.37806724036169825,0.48912287752949307,0.42793582229883964,7,8,38,84,214
352,4,0,0,12,36,95,1,8,1,9,13,27,37,50,96,120,0.01743453743282103,0.14438937130669943,0.40242833007311335,0.5265481111020751,0.49131099199381406,7,8,38,85,214
353,4,0,0,12,36,95,1,8,1,9,13,27,37,51,96,120,0.024126565887948606,0.18684195468826084,0.3863157058823872,0.33981096303205194,0.43142724517349074,7,8,38,86,214
354,5,0,0,12,36,95,1,8,1,9,13,27,37,51,96,121,0.12489352673382548,0.006339096950745974,0.3234453915528173,0.4138120792042254,0.44029912637595503,7,8,38,86,215
355,5,0,0,12,36,96,1,8,1,9,13,27,37,51,97,121,0.17353299006073775,0.03802261326704193,0.3757242384670543,0.4040292775742945,0.46987424766046193,7,8,38,86,216
356,5,0,0,12,36,96,1,8,1,9,13,27,37,51,97,122,0.26312458707520586,0.0583031440447475,0.42102015914715973,0.4345808696901678,0.3401076766219542,7,8,38,86,217
357,4,0,0,12,37,96,1,8,1,9,13,27,38,51,97,122,0.01790228293933346,0.05678264168395978,0.36374289637081003,0.3916055631034133,0.4541991660415417,7,8,38,87,217
358,5,0,0,12,37,97,1,8,1,9,13,27,38,51,98,122,0.004984884897835718,0.5134497326086688,0.31740167674043357,0.44385455744442265,0.4734087838327435,7,8,38,87,218
359,2,0,0,12,37,97,1,8,1,10,13,27,38,51,98,122,0.3177800737721418,0.16754630550604,0.3911349512070526,0.46930989263921,0.43428408898871323,7,9,38,87,218
360,4,0,0,12,37,97,1,8,1,10,13,27,38,52,98,122,0.1950858021098468,0.025449272030754835,0.3402269152774003,0.5158501554540924,0.4175685990576254,7,9,38,88,218
361,4,0,0,12,37,97,1,8,1,10,13,27,38,53,98,122,0.22276842550656437,0.07443537180627391,0.15084679647995466,0.41132872608503956,0.4258627102427178,7,9,38,89,218
362,5,0,0,12,37,98,1,8,1,10,13,27,38,53,99,122,0.13131294293578574,0.09838357221052668,0.4932194050549507,0.36790440187801593,0.4595380341337365,7,9,38,89,219
363,3,0,0,12,37,98,1,8,1,10,13,28,38,53,99,122,0.10737150132756013,0.009000502661140412,0.21472279762641114,0.39864585057299423,0.38450056535951405,7,9,39,89,219
364,4,0,0,12,37,98,1,8,1,10,13,28,38,54,99,122,0.04943955724956516,0.038612857695005165,0.20758839850245178,0.4278411360607343,0.49514818400060545,7,9,39,90,219
365,5,0,0,12,37,98,1,8,1,10,13,28,38,54,99,123,0.0315738671027212,0.06184358622277321,0.4015217764335377,0.3805466493222075,0.4669486382149232,7,9,39,90,220
366,5,0,0,12,37,98,1,8,1,10,13,28,38,54,99,124,0.23201029713031165,0.09848088291445799,0.29980714787738105,0.4936669049206958,0.429825514362963,7,9,39,90,221
367,4,0,0,12,37,98,1,8,1,10,13,28,38,55,99,124,0.048821280026883414,0.14082989960517614,0.29912125513024795,0.5171430672388705,0.4469182553976976,7,9,39,91,221
368,4,0,0,12,38,98,1,8,1,10,13,28,39,55,99,124,0.08182007748388925,0.1353580592343706,0.30328072505728515,0.42918549178802046,0.4153229314244313,7,9,39,92,221
369,4,0,0,12,38,98,1,8,1,10,13,28,39,56,99,124,0.0015565333204969548,0.023310266784440484,0.24257772168985797,0.36386507854189926,0.4159264220893882,7,9,39,93,221
370,5,0,0,12,38,98,1,8,1,10,13,28,39,56,99,125,0.007431360598823457,0.08553180230977295,0.2394247581753103,0.41127704177711616,0.39016406065039283,7,9,39,93,222
371,4,0,0,12,38,98,1,8,1,10,13,28,39,57,99,125,0.2542565852539517,0.018624611425824084,0.34657923997808093,0.4794533859300018,0.4406391440953891,7,9,39,94,222
372,4,0,0,12,38,98,1,8,1,10,13,28,39,58,99,125,0.19022388493054912,0.05634095867662611,0.3032973306080274,0.39318529488273357,0.4588695275271307,7,9,39,95,222
373,5,0,0,12,38,98,1,8,1,10,13,28,39,58,99,126,0.08094186429316551,0.10243944995326364,0.2838089259592612,0.35054508187213623,0.4409419731335233,7,9,39,95,223
374,5,0,0,12,38,98,1,8,1,10,13,28,39,58,99,127,0.05081696738918428,0.05843544857880584,0.3494475179895346,0.4461363014115567,0.4368779661858967,7,9,39,95,224
375,4,0,0,12,38,98,1,8,1,10,13,28,39,59,99,127,0.13040188031620276,0.032471128564260494,0.36925860204265204,0.43566765606272373,0.47058159953263634,7,9,39,96,224
376,5,0,0,12,38,99,1,8,1,10,13,28,39,59,100,127,0.02534060754605489,0.017022776234093453,0.41339862777112707,0.41540951696664097,0.42201043374205877,7,9,39,96,225
377,5,0,0,12,38,99,1,8,1,10,13,28,39,59,100,128,0.25236393500946236,0.017475684749215778,0.3218849553035542,0.4706665895475557,0.40808985080257204,7,9,39,96,226
378,4,0,0,12,39,99,1,8,1,10,13,28,40,59,100,128,0.04732749286169124,0.10587301592722442,0.3271326119074357,0.3999627514520881,0.41775093285239256,7,9,39,97,226
379,5,0,0,12,39,100,1,8,1,10,13,28,40,59,101,128,0.44165571306978085,0.03742541653608298,0.26874307304100953,0.48159210982849915,0.44414018122726734,7,9,39,97,227
380,4,0,0,12,40,100,1,8,1,10,13,28,41,59,101,128,0.006006736188549178,0.01212539795873008,0.23286794721190532,0.36306718208766586,0.38807371834243093,7,9,39,98,227
381,5,0,0,12,40,101,1,8,1,10,13,28,41,59,102,128,0.022470315610075564,0.009909918762100392,0.37517247217993566,0.3408896458492644,0.4757016988445033,7,9,39,98,228
382,5,0,0,12,40,102,1,8,1,10,13,28,41,59,103,128,0.1287688118309811,0.03297085687624707,0.34074297173907,0.36273807606640157,0.3939999678629418,7,9,39,98,229
383,5,0,0,12,40,102,1,8,1,10,13,28,41,59,103,129,0.07394882281925519,0.04331580177855917,0.23744337311164598,0.5096469053137798,0.44757192560616166,7,9,39,98,230
384,4,0,0,12,40,102,1,8,1,10,13,28,41,60,103,129,0.12336099057886936,0.038030766785010786,0.2965373057479695,0.3851983861967283,0.41448073824597975,7,9,39,99,230
385,5,0,0,12,40,103,1,8,1,10,13,28,41,60,104,129,0.17307100499242137,0.10675332384707666,0.3515600459155371,0.4745491528590566,0.45929195797525835,7,9,39,99,231
386,4,0,0,12,40,103,1,8,1,10,13,28,41,61,104,129,0.08015406503083233,1.0930448259473303e-5,0.2668259647922737,0.41489565610527585,0.4245117968782492,7,9,39,100,231
387,5,0,0,12,40,104,1,8,1,10,13,28,41,61,105,129,0.07188755201910296,0.10842313743033383,0.2670824053592843,0.44424771374978234,0.4857339387644154,7,9,39,100,232
388,5,0,0,12,40,105,1,8,1,10,13,28,41,61,106,129,0.01853270684798832,0.06428353354613019,0.36790107545377154,0.35520296797971795,0.3710771474281041,7,9,39,100,233
389,5,0,0,12,40,105,1,8,1,10,13,28,41,61,106,130,0.11458581022826834,0.012516110194022503,0.30467331634117084,0.3567367439064606,0.45053548482756867,7,9,39,100,234
390,5,0,0,12,40,106,1,8,1,10,13,28,41,61,107,130,0.08204560875987678,0.1445743454665708,0.3444924721140784,0.4210471444292756,0.501765200143718,7,9,39,100,235
391,5,0,0,12,40,106,1,8,1,10,13,28,41,61,107,131,0.1539130019824353,0.10366385457353577,0.299467723873047,0.46405059790931885,0.41872544302937975,7,9,39,100,236
392,4,0,0,12,40,106,1,8,1,10,13,28,41,62,107,131,0.18797941967272308,0.07843569007693368,0.274772903381732,0.3809854434462672,0.42531877348671837,7,9,39,101,236
393,5,0,0,12,40,107,1,8,1,10,13,28,41,62,108,131,0.32251421475886166,0.28957784002353115,0.30696794765783025,0.408801366528389,0.4874117031358436,7,9,39,101,237
394,5,0,0,12,40,108,1,8,1,10,13,28,41,62,109,131,0.07249086599048479,0.038268952137601564,0.34250491896782814,0.3768173584133925,0.4337023834093815,7,9,39,101,238
395,5,0,0,12,40,108,1,8,1,10,13,28,41,62,109,132,0.14061808327015363,0.06779628875642847,0.4239761783709961,0.3637708748929098,0.41320836236164243,7,9,39,101,239
396,3,0,0,12,40,108,1,8,1,10,13,29,41,62,109,132,0.27031717817109535,0.041902612295501546,0.29179031210333,0.3711744901256376,0.4421616427845834,7,9,40,101,239
397,5,0,0,12,40,109,1,8,1,10,13,29,41,62,110,132,0.11116628931108906,0.21220658010583074,0.33790442325546777,0.40627282119231284,0.46941958274247914,7,9,40,101,240
398,5,0,0,12,40,109,1,8,1,10,13,29,41,62,110,133,0.05717171107415427,0.08486814687010738,0.2500273269055558,0.39370596367333804,0.46951828228699294,7,9,40,101,241
399,5,0,0,12,40,109,1,8,1,10,13,29,41,62,110,134,0.056550741342826796,0.23392420455011104,0.27346908805386155,0.41091130911143103,0.4429837644191266,7,9,40,101,242
400,5,0,0,12,40,109,1,8,1,10,13,29,41,62,110,135,0.023404270730794985,0.1720417328471325,0.2907518560600254,0.33802735414583307,0.390161103965073,7,9,40,101,243
401,5,0,0,12,40,109,1,8,1,10,13,29,41,62,110,136,0.059084251189346376,0.04713227770606787,0.33780684008656414,0.38572665523552885,0.48540845522951687,7,9,40,101,244
402,5,0,0,12,40,110,1,8,1,10,13,29,41,62,111,136,0.06236259914478671,0.06802386484589612,0.2298197914409925,0.3773779617759749,0.44483346737706153,7,9,40,101,245
403,5,0,0,12,40,111,1,8,1,10,13,29,41,62,112,136,0.04946005499202635,0.0022334941404966602,0.28361806575871285,0.3870468429054915,0.4565740876853123,7,9,40,101,246
404,5,0,0,12,40,112,1,8,1,10,13,29,41,62,113,136,0.21086169027444546,0.03249015282880223,0.2744864495532669,0.38652011968150607,0.37377090456443945,7,9,40,101,247
405,4,0,0,12,40,112,1,8,1,10,13,29,41,63,113,136,0.07745392003913627,0.025034107722643802,0.34661760933518054,0.5154456221899455,0.44231023279401244,7,9,40,102,247
406,4,0,0,12,40,112,1,8,1,10,13,29,41,64,113,136,0.1557451248978282,0.14675147745352687,0.3312092734263734,0.4320592431047596,0.44384129497534786,7,9,40,103,247
407,5,0,0,12,40,112,1,8,1,10,13,29,41,64,113,137,0.12159795804843247,0.06681168473033355,0.31815873909214143,0.425458445368558,0.45125814966009675,7,9,40,103,248
408,5,0,0,12,40,112,1,8,1,10,13,29,41,64,113,138,0.07037036562413058,0.009843214554737155,0.33369257792501755,0.37589463705878584,0.4506395870539377,7,9,40,103,249
409,5,0,0,12,40,112,1,8,1,10,13,29,41,64,113,139,0.2819350255261797,0.07747757989197403,0.3448078550852091,0.36456282154086767,0.4162766905073658,7,9,40,103,250
410,5,0,0,12,40,113,1,8,1,10,13,29,41,64,114,139,0.08458820382839678,0.22649825380208055,0.35277624947519237,0.4520546005474131,0.4817684533574469,7,9,40,103,251
411,5,0,0,12,40,113,1,8,1,10,13,29,41,64,114,140,0.06762498089833842,0.0429431150638061,0.26437057960822236,0.4470036986192749,0.49017637620982235,7,9,40,103,252
412,5,0,0,12,40,113,1,8,1,10,13,29,41,64,114,141,0.04772198667648615,0.18832734572841936,0.3313949076049016,0.35694343907088344,0.403594079436859,7,9,40,103,253
413,5,0,0,12,40,113,1,8,1,10,13,29,41,64,114,142,0.023001283483275816,0.012327205732807978,0.3583294014702659,0.432400696400821,0.3717300763430833,7,9,40,103,254
414,4,0,0,12,40,113,1,8,1,10,13,29,41,65,114,142,0.1882349346855861,0.13011755028634292,0.29294269688573643,0.36056497564907763,0.39465256647428987,7,9,40,104,254
415,5,0,0,12,40,113,1,8,1,10,13,29,41,65,114,143,0.038619075384717275,0.1178624184080208,0.33972626658090266,0.3823010810857593,0.42555713558020325,7,9,40,104,255
416,5,0,0,12,40,113,1,8,1,10,13,29,41,65,114,144,0.27661526822651955,0.09721974808343994,0.3018216296854038,0.4117248973309054,0.3784964491221099,7,9,40,104,256
417,4,0,0,12,40,113,1,8,1,10,13,29,41,66,114,144,0.17737500436036413,0.20089183454619458,0.26285801716822843,0.4195215121796932,0.39971323565680805,7,9,40,105,256
418,4,0,0,12,41,113,1,8,1,10,13,29,42,66,114,144,0.03516207145295816,0.0477116489240867,0.20094628954003288,0.4119264724390935,0.4433345530045409,7,9,40,106,256
419,5,0,0,12,41,114,1,8,1,10,13,29,42,66,115,144,0.17570461973269347,0.09717906760271533,0.44730454823576815,0.3811788744801504,0.41147482913087674,7,9,40,106,257
420,3,0,0,13,41,114,1,8,1,10,14,29,42,66,115,144,0.2637913759128872,0.019276015051510543,0.30876445324922414,0.3687890224913619,0.45061825524464655,7,9,41,106,257
421,5,0,0,13,41,114,1,8,1,10,14,29,42,66,115,145,0.21365708739602635,0.055300655587496375,0.373099997529684,0.45350713279400423,0.4670513635931407,7,9,41,106,258
422,5,0,0,13,41,114,1,8,1,10,14,29,42,66,115,146,0.18437289160692386,0.015315239528427942,0.2621451692970953,0.44655052179201715,0.4104884104374071,7,9,41,106,259
423,4,0,0,13,42,114,1,8,1,10,14,29,43,66,115,146,0.009317530231712372,0.06438984457795337,0.3091909375703493,0.34026030395968626,0.3902223978661256,7,9,41,107,259
424,5,0,0,13,42,115,1,8,1,10,14,29,43,66,116,146,0.0686191818305463,0.025084816558075256,0.3455916770953102,0.44005848344337106,0.409111354357796,7,9,41,107,260
425,4,0,0,13,42,115,1,8,1,10,14,29,43,67,116,146,0.07957140275202935,0.03503969709833041,0.4965323684093759,0.3194650605237181,0.44684746866628233,7,9,41,108,260
426,3,0,0,14,42,115,1,8,1,10,15,29,43,67,116,146,0.14323295366952743,0.08284051157724304,0.35896222994720856,0.4644085966935536,0.47221475036540944,7,9,42,108,260
427,5,0,0,14,42,115,1,8,1,10,15,29,43,67,116,147,0.0462444936289755,0.1316969998424555,0.3217474504311315,0.4328350978815423,0.48281912707655367,7,9,42,108,261
428,5,0,0,14,42,115,1,8,1,10,15,29,43,67,116,148,0.036146396133052,0.13036387375407202,0.23348888819255093,0.3513812864048702,0.4210197573158003,7,9,42,108,262
429,5,0,0,14,42,116,1,8,1,10,15,29,43,67,117,148,0.1432572114446384,0.21547580199736605,0.20958214074983875,0.4065254497115833,0.45612525227386447,7,9,42,108,263
430,5,0,0,14,42,116,1,8,1,10,15,29,43,67,117,149,0.28006169095469463,0.1942233445684542,0.348056874596234,0.3807220590542577,0.45757458062900286,7,9,42,108,264
431,5,0,0,14,42,117,1,8,1,10,15,29,43,67,118,149,0.14910028186978413,0.025025873305233183,0.3573159997241834,0.4263743685232502,0.48909064258266355,7,9,42,108,265
432,5,0,0,14,42,118,1,8,1,10,15,29,43,67,119,149,0.07080785168545395,0.0019457374785182434,0.329065279461089,0.4246830997675335,0.48544757867398014,7,9,42,108,266
433,5,0,0,14,42,119,1,8,1,10,15,29,43,67,120,149,0.11854952492031214,0.11222656171857198,0.3058081636636312,0.4497483834942209,0.4247426949123305,7,9,42,108,267
434,4,0,0,14,42,119,1,8,1,10,15,29,43,68,120,149,0.03029817314306661,0.005598712169943756,0.23836061189208765,0.4217049487900809,0.4040717396367011,7,9,42,109,267
435,4,0,0,14,42,119,1,8,1,10,15,29,43,69,120,149,0.2146646686538782,0.29885640088495646,0.2854487851221391,0.32224401611313835,0.40285144355559754,7,9,42,110,267
436,5,0,0,14,42,120,1,8,1,10,15,29,43,69,121,149,0.12408691718197373,0.14822595506329916,0.25995249595434816,0.38762298755692237,0.4313392573214709,7,9,42,110,268
437,5,0,0,14,42,121,1,8,1,10,15,29,43,69,122,149,0.1568347343523168,0.03028598530799332,0.2807644863771752,0.39529634729497426,0.46932876297063275,7,9,42,110,269
438,5,0,0,14,42,122,1,8,1,10,15,29,43,69,123,149,0.563206684534236,0.005158748390642327,0.3789165164444677,0.38330889027955506,0.473325835309028,7,9,42,110,270
439,1,0,0,14,42,122,1,9,1,10,15,29,43,69,123,149,0.008331194635246994,0.16974054679725514,0.4879212265509546,0.40038953331432453,0.41034831833152774,8,9,42,110,270
440,3,0,0,15,42,122,1,9,1,10,16,29,43,69,123,149,0.0882204723819451,0.37079992217015834,0.3975247943210499,0.37429785754125267,0.4189815164711793,8,9,43,110,270
441,5,0,0,15,42,123,1,9,1,10,16,29,43,69,124,149,0.026522572948832254,0.28204711649141884,0.4187300839570872,0.4875097958385584,0.46060640042023215,8,9,43,110,271
442,4,0,0,15,42,123,1,9,1,10,16,29,43,70,124,149,0.02090480547327601,0.04954596125493168,0.3909776608791533,0.4041756758368369,0.46437593962184287,8,9,43,111,271
443,5,0,0,15,42,124,1,9,1,10,16,29,43,70,125,149,0.10401987707318085,0.38680671816486234,0.3738542372317318,0.4076742813965686,0.42518535784309053,8,9,43,111,272
444,5,0,0,15,42,125,1,9,1,10,16,29,43,70,126,149,0.12162377921464741,0.06348180093023853,0.3806022752573734,0.40588708444657895,0.45854229989945816,8,9,43,111,273
445,5,0,0,15,42,126,1,9,1,10,16,29,43,70,127,149,0.465227906097936,0.02861662135205728,0.37902066101258464,0.30668696845710297,0.5022986765128337,8,9,43,111,274
446,5,0,0,15,42,127,1,9,1,10,16,29,43,70,128,149,0.1372930064484198,0.0722860137012727,0.24935541856336346,0.4483232871239721,0.45554676032162417,8,9,43,111,275
447,5,0,0,15,42,127,1,9,1,10,16,29,43,70,128,150,0.010866959657229478,0.018673019086442564,0.2683192345850698,0.41370807776475976,0.48609685424903,8,9,43,111,276
448,5,0,0,15,42,128,1,9,1,10,16,29,43,70,129,150,0.25202286853288536,0.16663599670184198,0.30652370536510565,0.3236677897831174,0.4487008839924919,8,9,43,111,277
449,5,0,0,15,42,128,1,9,1,10,16,29,43,70,129,151,0.12384773881069425,0.13514013099112415,0.3248461211429375,0.3595439398177085,0.4885597374566481,8,9,43,111,278
450,5,0,0,15,42,129,1,9,1,10,16,29,43,70,130,151,0.07769365686886362,0.08157900244855558,0.29205770055400915,0.4555028926589842,0.4238285820142865,8,9,43,111,279
451,4,0,0,15,42,129,1,9,1,10,16,29,43,71,130,151,0.20625805843402106,0.09006327730242054,0.36310989817210676,0.3962958698149798,0.45298408316184907,8,9,43,112,279
452,5,0,0,15,42,129,1,9,1,10,16,29,43,71,130,152,0.05439443300112699,0.03899248913395716,0.3838866226038384,0.34332319827992513,0.494287365523121,8,9,43,112,280
453,5,0,0,15,42,130,1,9,1,10,16,29,43,71,131,152,0.07740411364291919,0.023649539287086952,0.4154776583820343,0.3336338811637627,0.39719154604241647,8,9,43,112,281
454,3,0,0,15,42,130,1,9,1,10,16,30,43,71,131,152,0.04951235157278437,0.19708322608661893,0.3420883480820621,0.37994680175656254,0.4933683541944401,8,9,44,112,281
455,5,0,0,15,42,131,1,9,1,10,16,30,43,71,132,152,0.024873032620489816,0.01081525228862818,0.22026624504293152,0.31809492273102635,0.45019526414600797,8,9,44,112,282
456,5,0,0,15,42,132,1,9,1,10,16,30,43,71,133,152,0.18985179607997765,0.06846513495176558,0.33483600582358825,0.33085751648884376,0.4314300865328215,8,9,44,112,283
457,5,0,0,15,42,133,1,9,1,10,16,30,43,71,134,152,0.052370531268938696,0.07197203053168813,0.36898077389220224,0.36975814582806843,0.5007732422461482,8,9,44,112,284
458,5,0,0,15,42,133,1,9,1,10,16,30,43,71,134,153,0.12318220591823656,0.03466778853216446,0.3201570266895483,0.4358911276593262,0.41004839035980967,8,9,44,112,285
459,4,0,0,15,42,133,1,9,1,10,16,30,43,72,134,153,0.1472387670906651,0.07964242526435612,0.35752451424681003,0.37129825142401185,0.5173678780170664,8,9,44,113,285
460,5,0,0,15,42,134,1,9,1,10,16,30,43,72,135,153,0.13686814464123023,0.03779207738400718,0.3134173388089925,0.4196645541070345,0.5045406231176953,8,9,44,113,286
461,5,0,0,15,42,135,1,9,1,10,16,30,43,72,136,153,0.33987208932886487,0.041993253759760006,0.387210477027858,0.43531568588984015,0.47121939364088916,8,9,44,113,287
462,5,0,0,15,42,135,1,9,1,10,16,30,43,72,136,154,0.03789749196508794,0.005851701143048654,0.44385548650889983,0.37681958182132,0.5210170802810455,8,9,44,113,288
463,5,0,0,15,42,135,1,9,1,10,16,30,43,72,136,155,0.05238218008113562,0.02842765595601643,0.36964353717966364,0.4118842145349116,0.47130072818629737,8,9,44,113,289
464,5,0,0,15,42,135,1,9,1,10,16,30,43,72,136,156,0.05387439959382306,0.06149819443279977,0.35011569897872574,0.4226862524451351,0.4643236609122889,8,9,44,113,290
465,5,0,0,15,42,135,1,9,1,10,16,30,43,72,136,157,0.2653295190513929,0.21008833925640963,0.3194549736260766,0.3869448922135487,0.4651587773603385,8,9,44,113,291
466,5,0,0,15,42,135,1,9,1,10,16,30,43,72,136,158,0.006161889842883937,0.03589494167309779,0.45046572120447365,0.3690314439465803,0.46893642380728945,8,9,44,113,292
467,5,0,0,15,42,135,1,9,1,10,16,30,43,72,136,159,0.21345254096068367,0.12016652098472735,0.4792430372062558,0.4056650184063319,0.5242651585372237,8,9,44,113,293
468,5,0,0,15,42,135,1,9,1,10,16,30,43,72,136,160,0.2818219520064344,0.0824386647711559,0.2385050495817834,0.3433037238807696,0.45905251006437803,8,9,44,113,294
469,5,0,0,15,42,136,1,9,1,10,16,30,43,72,137,160,0.02663801782251609,3.353748597507436e-4,0.39865926830457005,0.41938594182430244,0.510222983902226,8,9,44,113,295
470,5,0,0,15,42,137,1,9,1,10,16,30,43,72,138,160,0.004760114123115245,0.08932013092367727,0.38532110157190047,0.34147315508694903,0.4899717912107162,8,9,44,113,296
471,5,0,0,15,42,138,1,9,1,10,16,30,43,72,139,160,0.04657609135556038,0.03733365200142426,0.38737665000282157,0.5095007038752918,0.4610635734334459,8,9,44,113,297
472,4,0,0,15,43,138,1,9,1,10,16,30,44,72,139,160,0.005927798912449239,0.007014868165858543,0.45768766002255584,0.3752140209385596,0.432888748725616,8,9,44,114,297
473,3,0,0,15,43,138,1,9,1,10,16,31,44,72,139,160,0.1442941649558751,0.20217977397780657,0.20628381941413607,0.3401589054123252,0.45809204814020665,8,9,45,114,297
474,5,0,0,15,43,138,1,9,1,10,16,31,44,72,139,161,0.03601424717784939,0.12219781632662254,0.2942944703298176,0.4251385506354964,0.47101518827163863,8,9,45,114,298
475,5,0,0,15,43,138,1,9,1,10,16,31,44,72,139,162,0.3034306795165199,0.004317547288367944,0.39021331614185534,0.3765331199277602,0.4899555464773133,8,9,45,114,299
476,5,0,0,15,43,139,1,9,1,10,16,31,44,72,140,162,0.07407044417464802,0.025382492014653625,0.37710273483050943,0.354045943192467,0.49375091842210583,8,9,45,114,300
477,5,0,0,15,43,140,1,9,1,10,16,31,44,72,141,162,0.0254598216826299,0.03657283565453304,0.3143628818044136,0.42114454090933906,0.4463075363256625,8,9,45,114,301
478,5,0,0,15,43,141,1,9,1,10,16,31,44,72,142,162,0.03705107838899202,0.09319793147386841,0.5041505520061642,0.31414127721070806,0.46012040454962677,8,9,45,114,302
479,3,0,0,15,43,141,1,9,1,10,16,32,44,72,142,162,0.14889625702477463,0.16790110575718253,0.18627161197250588,0.37730383631956926,0.45446878482681347,8,9,46,114,302
480,5,0,0,15,43,141,1,9,1,10,16,32,44,72,142,163,0.012594306436886499,0.022022763227811253,0.5087986372907186,0.34482201452502387,0.4426995223005985,8,9,46,114,303
481,3,0,0,16,43,141,1,9,1,10,17,32,44,72,142,163,0.041711754321464074,0.16275918055515567,0.37789663778253124,0.33336097703845113,0.49114435820745683,8,9,47,114,303
482,5,0,0,16,43,141,1,9,1,10,17,32,44,72,142,164,0.2193276369154881,0.13418108786832333,0.26637768871764317,0.43416505551172585,0.43144921320386975,8,9,47,114,304
483,4,0,0,16,44,141,1,9,1,10,17,32,45,72,142,164,0.007587682509063557,0.1667993219940935,0.34823991044074315,0.3787606707461347,0.464029280671023,8,9,47,115,304
484,5,0,0,16,44,141,1,9,1,10,17,32,45,72,142,165,0.032357755513380826,0.13524818215147408,0.4690087067719597,0.3271267291043257,0.46938843605329356,8,9,47,115,305
485,5,0,0,16,44,141,1,9,1,10,17,32,45,72,142,166,0.11196573722167408,0.025311594648215564,0.4513208583635433,0.2723141120606603,0.466997213828266,8,9,47,115,306
486,5,0,0,16,44,141,1,9,1,10,17,32,45,72,142,167,0.1760834436254121,0.1183494512750516,0.3628087946036895,0.44324164709056973,0.40851401979950486,8,9,47,115,307
487,4,0,0,16,45,141,1,9,1,10,17,32,46,72,142,167,0.016372984349754607,0.025363011120075007,0.3440337078835716,0.37905280030611177,0.481898754905196,8,9,47,116,307
488,5,0,0,16,45,142,1,9,1,10,17,32,46,72,143,167,0.08712210660363556,0.18659471324389648,0.36964329855456146,0.3920903747539634,0.4878819184966717,8,9,47,116,308
489,5,0,0,16,45,143,1,9,1,10,17,32,46,72,144,167,0.013920785585322771,0.1689401597561396,0.4202435773764459,0.4163164012612796,0.38618164248322645,8,9,47,116,309
490,3,0,0,16,45,143,1,9,1,10,17,33,46,72,144,167,0.07916417327469095,0.09025185332499294,0.4316047476931334,0.36383962003135845,0.4478991982423337,8,9,48,116,309
491,5,0,0,16,45,143,1,9,1,10,17,33,46,72,144,168,0.27652724218687613,0.06264468144895759,0.41223602427197675,0.43384023263270916,0.45681286767864276,8,9,48,116,310
492,5,0,0,16,45,143,1,9,1,10,17,33,46,72,144,169,0.07399751251040246,0.17038736504232205,0.3973424139824721,0.45769944616341796,0.4469514130540922,8,9,48,116,311
493,4,0,0,16,45,143,1,9,1,10,17,33,46,73,144,169,0.06031820029998172,0.06937342130817448,0.3912716121894549,0.3451794544251731,0.46203352783365254,8,9,48,117,311
494,5,0,0,16,45,144,1,9,1,10,17,33,46,73,145,169,0.02205326343951475,0.24354128110322265,0.3218125405283287,0.3497980372960909,0.44988377900414517,8,9,48,117,312
495,5,0,0,16,45,145,1,9,1,10,17,33,46,73,146,169,0.10358338771078354,0.08384238929086385,0.3625724215035879,0.33499344247896584,0.4703921846541186,8,9,48,117,313
496,5,0,0,16,45,146,1,9,1,10,17,33,46,73,147,169,0.10645512737911447,0.13025154694186306,0.311808669080224,0.46774282480216217,0.4797680264268087,8,9,48,117,314
497,5,0,0,16,45,146,1,9,1,10,17,33,46,73,147,170,0.18154153223680983,0.13882158311956216,0.32614057009559216,0.4972386968125133,0.4583454679003591,8,9,48,117,315
498,4,0,0,16,46,146,1,9,1,10,17,33,47,73,147,170,0.20650792226617481,0.12969712597224134,0.2850860041659959,0.43233339248135266,0.47853194020730994,8,9,48,118,315
499,5,0,0,16,46,147,1,9,1,10,17,33,47,73,148,170,0.011579151358165698,0.030959275541343086,0.2522664754703421,0.3544617867024034,0.49842871803060046,8,9,48,118,316
500,5,0,0,16,46,147,1,9,1,10,17,33,47,73,148,171,0.07317923549000131,0.02014336053009272,0.3501890381442415,0.29466100679592294,0.4737628456058849,8,9,48,118,317
